/*
 Navicat Premium Data Transfer

 Source Server         : localMySQL
 Source Server Type    : MySQL
 Source Server Version : 80021
 Source Host           : localhost:3306
 Source Schema         : ssm_community

 Target Server Type    : MySQL
 Target Server Version : 80021
 File Encoding         : 65001

 Date: 16/11/2020 10:10:48
*/

SET NAMES utf8mb4;
SET FOREIGN_KEY_CHECKS = 0;

-- ----------------------------
-- Table structure for browse_log
-- ----------------------------
DROP TABLE IF EXISTS `browse_log`;
CREATE TABLE `browse_log`  (
  `id` int NOT NULL,
  `user_id` int NOT NULL,
  `type` int NOT NULL COMMENT '0-社区，1-帖子',
  `community_id` int NULL DEFAULT NULL,
  `invitation_id` int NULL DEFAULT NULL,
  `time` datetime(0) NOT NULL,
  PRIMARY KEY (`id`) USING BTREE
) ENGINE = InnoDB CHARACTER SET = utf8 COLLATE = utf8_general_ci ROW_FORMAT = Dynamic;

-- ----------------------------
-- Records of browse_log
-- ----------------------------
INSERT INTO `browse_log` VALUES (1, 1, 0, 1, NULL, '2020-10-12 14:18:45');
INSERT INTO `browse_log` VALUES (2, 1, 0, 1, NULL, '2020-10-12 14:20:43');
INSERT INTO `browse_log` VALUES (3, 1, 0, 2, NULL, '2020-10-29 14:20:56');

-- ----------------------------
-- Table structure for comment
-- ----------------------------
DROP TABLE IF EXISTS `comment`;
CREATE TABLE `comment`  (
  `id` int NOT NULL AUTO_INCREMENT,
  `invitation_id` int NOT NULL,
  `cin_id` int NULL DEFAULT NULL COMMENT '在哪一个评论下',
  `cfor_id` int NULL DEFAULT NULL COMMENT '上级评论',
  `user_id` int NOT NULL,
  `time` datetime(0) NOT NULL,
  `content` varchar(200) CHARACTER SET utf8 COLLATE utf8_general_ci NOT NULL,
  PRIMARY KEY (`id`) USING BTREE
) ENGINE = InnoDB AUTO_INCREMENT = 31 CHARACTER SET = utf8 COLLATE = utf8_general_ci ROW_FORMAT = Dynamic;

-- ----------------------------
-- Records of comment
-- ----------------------------
INSERT INTO `comment` VALUES (1, 1, NULL, NULL, 1, '2019-08-18 23:06:17', '<p>第一条评论</p>');
INSERT INTO `comment` VALUES (2, 1, NULL, NULL, 1, '2019-08-19 11:13:11', '<p>第二条评论</p>');
INSERT INTO `comment` VALUES (3, 1, 1, 1, 2, '2019-08-19 11:13:55', '上去');
INSERT INTO `comment` VALUES (4, 1, 1, 3, 3, '2019-08-19 11:14:21', '+1');
INSERT INTO `comment` VALUES (6, 1, NULL, NULL, 5, '2019-08-23 03:24:42', '<p>第三条评论</p>');
INSERT INTO `comment` VALUES (7, 1, NULL, NULL, 5, '2019-08-23 03:27:35', '<p>第四条评论</p>');
INSERT INTO `comment` VALUES (9, 1, 7, 7, 5, '2019-08-23 05:24:05', '测试');
INSERT INTO `comment` VALUES (10, 10, NULL, NULL, 5, '2019-08-23 06:05:23', '<p>第五条评论</p>');
INSERT INTO `comment` VALUES (11, 6, 7, 7, 5, '2019-08-23 06:07:24', '测试');
INSERT INTO `comment` VALUES (12, 1, 1, 8, 1, '2019-09-26 14:25:49', 'test');
INSERT INTO `comment` VALUES (13, 1, 1, 12, 1, '2019-09-26 14:26:15', 'test1');
INSERT INTO `comment` VALUES (14, 1, 1, 12, 1, '2020-10-09 05:16:35', 'aaa');
INSERT INTO `comment` VALUES (15, 1, 1, 1, 1, '2020-10-09 05:17:27', 'jhbkjfgb');
INSERT INTO `comment` VALUES (16, 1, 1, 8, 1, '2020-10-09 08:41:19', '111');
INSERT INTO `comment` VALUES (17, 1, NULL, NULL, 1, '2020-10-09 14:44:40', '<p>会给恒大带来影响力</p>');
INSERT INTO `comment` VALUES (18, 6, NULL, NULL, 1, '2020-10-09 14:46:21', '<p>公平合理！</p>');
INSERT INTO `comment` VALUES (19, 16, NULL, NULL, 1, '2020-10-18 11:56:30', '<p>hvjhghnbvc&nbsp;</p>');
INSERT INTO `comment` VALUES (20, 16, NULL, NULL, 1, '2020-10-18 11:56:38', '<p>klkk</p>');
INSERT INTO `comment` VALUES (21, 16, NULL, NULL, 1, '2020-10-18 11:56:49', '<blockquote>1</blockquote>');
INSERT INTO `comment` VALUES (22, 6, NULL, NULL, 1, '2020-10-19 14:47:13', '<p>不公平</p>');
INSERT INTO `comment` VALUES (23, 6, NULL, NULL, 1, '2020-10-19 14:57:48', '<p>666</p>');
INSERT INTO `comment` VALUES (24, 1, NULL, NULL, 3, '2020-10-24 01:46:43', '<p>test</p>');
INSERT INTO `comment` VALUES (25, 17, NULL, NULL, 1, '2020-10-31 15:15:46', '<p>99999</p>');
INSERT INTO `comment` VALUES (26, 17, 25, 25, 1, '2020-10-31 15:15:52', '666');
INSERT INTO `comment` VALUES (27, 17, 25, 26, 1, '2020-10-31 15:16:12', '555');
INSERT INTO `comment` VALUES (28, 17, 25, 25, 1, '2020-10-31 15:16:22', '1');
INSERT INTO `comment` VALUES (29, 2, NULL, NULL, 1, '2020-10-31 15:18:13', '<p>因为牛逼</p>');
INSERT INTO `comment` VALUES (30, 1, NULL, NULL, 1, '2020-11-06 06:57:45', '<blockquote><span style=\"text-decoration-line: underline;\"><span style=\"font-weight: bold;\">vfvvdfvdf fv gbs</span></span></blockquote>');

-- ----------------------------
-- Table structure for community
-- ----------------------------
DROP TABLE IF EXISTS `community`;
CREATE TABLE `community`  (
  `id` int NOT NULL AUTO_INCREMENT,
  `name` varchar(15) CHARACTER SET utf8 COLLATE utf8_general_ci NOT NULL,
  `introduction` varchar(100) CHARACTER SET utf8 COLLATE utf8_general_ci NULL DEFAULT NULL COMMENT '简介',
  `logo` blob NULL,
  PRIMARY KEY (`id`) USING BTREE
) ENGINE = InnoDB AUTO_INCREMENT = 8 CHARACTER SET = utf8 COLLATE = utf8_general_ci ROW_FORMAT = Dynamic;

-- ----------------------------
-- Records of community
-- ----------------------------
INSERT INTO `community` VALUES (1, '足球', '世界第一运动', 0x646174613A696D6167652F6A70673B6261736536342C2F396A2F34414151536B5A4A5267414241514541534142494141442F3277424441415945425159464241594742515948427759494368414B43676B4A4368514F44777751467851594742635546685961485355664768736A48425957494377674979596E4B536F70475238744D43306F4D43556F4B536A2F327742444151634842776F4943684D4B43684D6F476859614B43676F4B43676F4B43676F4B43676F4B43676F4B43676F4B43676F4B43676F4B43676F4B43676F4B43676F4B43676F4B43676F4B43676F4B43676F4B43676F4B436A2F7741415243414357414A59444153494141684542417845422F3851414841414141515542415145414141414141414141414141414267414542516349417749422F3851415678414141514D4441674D444251674D4351674C41414141415149444241414645515968427849784530465246434A686359454946794D796B624853307855574744564356704F686F71544230544E535646565859334E317379513355324A306B70576A4A30566B5A594F556C7254683850482F784141624151414341774542415141414141414141414141414141444241454342514147422F2F4541446F52414149424177494542414D4443676341414141414141454341414D454553457842524A4255515954496D4555675A45796366416A4A554A5367714779776448684A6A4D304E565279672F2F61414177444151414345514D52414438417A785370557131356E525571564B724364506F72326D764E65303064524B7450594664414B384A46646B436A4B49466A5053453133516A4858725361514D5A396C6432303064566747614A434B3668723056325A617A335539626A6C53656E536D6B705A6937564D534F37492B466556743441465334696B34474B34764D376E61726D6A67536F71356B664D694C6966425347536834674C47663470475254426163564A766F4A4F53536537656D6A696365756C33544230686B5934316A4661652B755371644C464E31436C6D455A557A69525372305276536F4F49574E71564B6C53634C465370643149646175733665683172716B456E595A4E64344676656C7241516B344E48326E64447576424B336B3869504569744333745871366A614A584633546F376E57413861433838664E51616D344F6D70622B4D4E72507146576E45736C7474796634507456704F446E474166535473505631703071375234353547326B6A472F6D6A507378742B624E4D6E34576A6F7A5A50744D3833467857317072676538414932695A696B7079305236366B5774447964736F487930594A314B325847326B52564F50714F4574745A4B6C48304A7753665A52425A35546B6B744C646A5961563641725967454B79446767353769534F38436F462F5158374B666A36776255626F377350783870573664467955394545314C577252556861765051516E6F6471746D4D6945744365654B3432727649586B666E6F7074455747566F43565A787345724739557138575656394B79614E725764384D63695575356F526262655332744F33786A51507143797167764B546A7A42747A654E62416B516F7A735A5365564A3233474B7058694C70344C626455306B4541375937716977346A38533349326B62764C5957363550377051456C474D67436F31314F4D30525857473748576F4B53635641766A6337553758584267714C68686B5267364B624C327032384E7161755567386453635655712B717055434745615571564B6B59654B707977575236345070415153436643754E6A74786C7670556F656256773651684E513049554541725054392F6F46616470624C67316132776D62655852552B5653334D37616330784874725356764A436E514D3739425847544B766331617A62306F68785438517637465136644D4537396439716D4870533538674D786364676E6453694D425237742F4430653331536B4F47793241562F43722F414979682B796C3772694A71656C644232456D3234646A31314E54415A3354467A6C6F79356458584D3965566B72413948787468584A6E51467A437955334253547563396D50703161614156414166494B364B69756B5A536B6A316E465A77717A522B4845484C44704E6D3077326B344472726A61564F4C4B636C7857636B6E784155426764427944472B56456B6A744F7437454B7A34387453454A68365262314D6C5937566C664D6E66626C5055666D7A5873516E4E2B5A304539784E4546596B596C545145344E4C554E2B63447879635971536954317464526B413745623033524463486D70374C31376A39396656784A41484D6C4255453963484F616734626556354F58615437642F576C73446E473363716D56786B524C6C484F567061554D5A4B6A3575357876364D392F79394B69536F4C4151346851583342514F61344F4E726A4C4B58455A493255327362456434395246576F71454F5633674C6C5455474731454439586158533846464351466B5A42547546447842716E6233626E6F543630715352673166376B6757397A794E384B564664793477465A794537416A4A2F4347634539447354317A513571375437632B4F567467465247554B786A6D39487272304E746369355879366D6A54464B4E614E6B61724B4764556365326D72682B5770652B51467770436B4B5352673731444B4F394B31564B4D564D31715244674554777335785372796F373071586A41456256316A7464713642336439637164523142704F6538306F6747636D45636B445347656D324571554570486D492B4D6632565A59595848595441623878395143704B73626F5473556F2B596E302B4F4B4239467A4956756B52772B366855304A55363348366C536B6F4B755A5248514447336A526A426555455A575370357738367A336C5236304F76637455504B4E68496F577970366A755A4C523230744A536873594351414234314D51324473584E6834557768345141705736766D70386D52696C64343642695473546B516E435142546F684B685541314C776166735363344F5231334137717269546D533173773150526E6F767A4437656E353855386B73646D367050643355466138316C43304E59686348327849754D67455149696A6A6D4947363166367164767A654F525230546A70725A7163382F496C5170624B7953497A30564962526B394155387174756D366A366331774F444F4D302F774170423272326771423631536D6E2F64415148696C7655566C656A4B774158345377346B6E76504972484B50616F31612B6D64543248564343717758574E4D554156466B456F645341635A4C61734B41394F4D56666E6C4F584D6C56703532796C59356B6E75497A545279475675396F6B714B6A3577436A6B4B4F5048722F77446C54444D565330674B35674D373131636A4A536A4352556972677972556752414455306438574759745341323948537153326F5A414953515670365A7752307A3149543331416162765454344D4B617349556F594B5645486B566A504E6E753637673767676A7144566B584A6B4F52336D585568625471536C514A775344746A3839565A713678534C664B596D527756744C41416C4B3551726E79634A6377414D64416C574E6A7364694454314B726B3648575A747862365949306B507844302F7A496365536A4330374C78383955314B624C4C716B4B485131704F4E4A5466624148486B346B736A73336B4B366B484F443137756E7956522B754C575955357A413242323956624E552F455552564734336D645A73614E5530572B5546445372775453724D7A4E6E45353136537370576C5147536B354138545869704342616E357A4B6E57567470534663766E45357A67656A30306856724A52586D63344565744C4B766531504B74314C4E324537365363787164687831524A5753316E764A632B447A2B6E6D726B744B6770744C68384256504D57435979386C31447241576E4A53517051494F4E6A30376A672B79724859766253666A496347546B34414F4365745A357637623963546148686E69332F4861476A456849324E4F3076494936304C4E54417443566F566C4B686B477655693569497A32726E4E7935414148556D6D437971764F54704D716E6231616C555545556C79635936353751766155446E43734139336A586137337142706A54373936752B4674742B5979775468547A6E344B52386839674A3771454C627247476768755169514546517765564F45373954766D7169317271615A72532B6956494B6D344C414B496A4F664E62546E726A707A4841796651423041717447736C663841796A6D48766548584E67514C70436D6473395A4661703142644E5858782B35585278547368302B61684938787048636849376B6A2F7743546B6B6B736D376136552F434B5367654855315077725934754F6C62505A70517266636E4E63354C536D48564E72787A447771394B7052647A545673734E78423348443779336F726331615A564778676E5935475239524955327A2B752F5272367843656979476E343735447A616774436B35515571473449493844673052366373306E55562B68576D4170744D6D5736476B4B644A43456B393669415342374B757944376E725555515A544E73716E4F395A64647A375067397175345264444645356D31456538426459334F357A356C6D76736D51386B493753437556677559436A7A4955736B465A4353676A494A4F466E6F4256314C614246565A704C684C717177582B4A4E387574616F77576B534732705472616C74354277443266636F4A56793742584C796B3455617431364B3878796334536F4B504B436B39394C4D526E517734427872494F624535676356425434796C4E4B626553467459493546444B535041696A39567364554E796A356169463238796E413033674B566E72307179314D616955656D476C4D765734366231557A354F4856514C6B6578556B352B444A32414B7568337751547563645365593049635337634678673842754D704E61443146704E312B324F6C2F736C4A624B5851416F35356B7142546A3159716F7459787849744C784936704378697653384A7243734753655A346E534E4373727A4F546F3558464A38445372766455646E4D57505453704E2F5378453245504D6F4D5A305536572B39376E3971666D464331464F6C767665352F616E3568586E754E2F36552F654A376677482F75792F7744566F3475747A45426253533056382B642B62474D55396A75647377303642674C534659384D6A4E635A6B714C484B524B556C4A5630796B6D6E44536B7262517476644367436B2B69764C3141766B7151684237363450387039627432714739717131774758417767417975327078727237393452324F6370754B68727441416E4F324E78766D754F704A716E6C4E4D632F4D6C49356C657339502F76706F504677656A334262536C4172794D637532636A617064785A57737155636B31733851712B565A303659503267506F414A344C777A5A47363439633362726755326266395A6D49483047666E504E4355754D493074357443634A43736744774F2F7743326938764D757474396943436C4F46644E7A6B373142616A6255684B4A53554B55326B637270414A35526E596E7747546A5070464234557A576C3135542F70442B346D6A34767030754C3849463762362B57784950746E6C50386A39776A2B306665356E322F4F616872306F69344F443044356855785A6A6D324D6B656E357A55624F61375337725566696F355366586A70522B476E3834566632763468456645342F7733616638416E2F41595A63485751787233546F50384975613056664C30725A74376E6659757A5435356237555249376A2F41435A787A637153724765374F4B786C7770575478483034502B334E2F50577674644847694E516E2F7536522F684B7259754E58452B625574464D464F4766453947754C764B677074526846686A747563794F307A3577474D636F386150626B726C69672F7742593250307857646663754A55765656336348785577676B6E306C784F506D4E61467661755743442F584D6A2F6D706F56525172344575684A584A6A2B6871787951395062486F507A5553304161506B42793873707A334B2B593156526F5A4A33686A664D69305379426B6873316E4C5545704969534979694370484D6E325A7252743849466E6D465854737A57524E54334C4E2B75534571796E744E766B46624841716753755333615976484B5A656B7048663841724B7531456E6C75432F58537235714651584E4A464B69334A2F4B74694574782B54575264464F6C767665352F616E3568517454754A634A4D527374734F63714365596A6C423339745A4845625A37716A3561622B383950345A347252345466433572676C634561597A723935454B7268626D5A366B46355469536748484B51503255365A62444C4C6261636C4B4568497A31774B45667331503841394D5039785037715832616E2F77436E2F51542B3673527544336A494B5A63594732702F705065552F47334261565A376C4B4C6832334F467963667453555377587454504B4938786F4A576658796A48372F5A556C645A486B304631655346456371634842796644352F5A516E4875456D4F7478625470436E446C5249427A387672705372684A6C6F4348334F5A494F514F5544663255322F4371745372544C6B6369674472303336645A6A572F69363074724F3557696A4374565A327A675942596E47756336444854664D4C59554A45546E3558486E43727663566E48717077346C4B3258573345383648454B51704F32344978746E6250683663554A707655337665482B34503355355976456771484F744A38664E464C4E777138616F4B724F4352376E703870714A3477344854746D733656463152675151417658512F705362746B55776F4C54436C382F4A6E4373455A424A49325051344932706E63756274334F54484E6A6250544F4B6731586D57323836454F7135537452536B4954336E505848704E506253334C764568337445764C52792B63576B345078636A63625A494865506E77584C537871554C6C367A45594F66336E50615948476645567266384A6F5746494E7A4A79354A41783656494F4E53657661473343704A54784B3030466C4B437159307049576F4A4B687A66676739665A573062764161756C716D322B517061575A6243324671515146424B6B6C4A497A6E6642384B78746F4B3078594C386139515765786E4D4F637A61335068464A63536F35563532523148674E383162413468616C502F5751502F674E66527036717063354538696A4252724C4C304E7738744769336C75576436596F754E6C7477507251726E335365593453446B6375324E747A745539714934747166396F6A6A2F6E49716D4538514E536E7263522B51622B6A544B5A7132397A586F3672684F55386C68774F74454E7053457148516B414148322B6E786F666C73546B6D5835774267545139514E70307644746B31457068365370615151417453534E786A75417173327464333551475A342F49742F5272322F723637783246505033424B47306A4A4A615239476F3874684A35784C52315935324F6D726D356A504977745750554B77726372697436395431724F2F6171543868782B79724A31747864314C4D5A665A626E686D3371546854525A62436E5535424F547935546E474E7648354B515965567A4B556F6B714A795354755454746D4454624A6956344255584539584E7A744A4A4E4B6D3771755A776D6C52366A637A457969446C5543654B3150376C6A533967765844363453627A593758634A43626F34326C3258456264554568706B68494B67546A4A4A78365457574B3139376B442F41446158502B39336638466D6C72673453486F2F616B37714B567766303364584C6265376270694A4F6243564B6158616B4567455A4734624936476F33375A2B427638414A394B2F38495439585139786A344A616A317272795A6537564E74445556357470435553585845724253674A4F516C736A715047676E376D625758383536652F4C766656554256516A4A61464A5948525A612F327A384466355070582F68436671364E37746F485234746377703070594571444B79464A747A494938303767684F78724F50334D327376357A30392B58652B717256756F354C4D4C5431306C53566844444556313178522F42536C424A50794371564D4448496379795A4F6559544D507562377A6F4F4E5A336256717069334F33796263673346544A74356655744B6B6F5368495879454163334E73534D5A4A3736304C654E50614D7331726C584B3557437973776F725A6465632B787A61755649475363424A4A396772496641725256323154713648636257492F6B316C6E524A457274584F5538766146586D6A4735773272383162473468576D54667444337931514F5479715A45635A6135316371655A51774D6E757139634150764970456C647057307A6862773834704A6A616A7373695646687162386E543969326B5257316C43315A55554C617A7A5A4F4D2B435234555A614C345836593070616C5159304A45394B6E43353230396C7031775A414741516762625A36645361424F424F6A57725662723370752B726D4D587532536B7576707439316C4D74726265625370745A446269556C586D7154304277675A38545A4F684C544F73793951785A7379664D6A47364B646775545A43336C4268544C52434571555365564B79346B5A50635433304E79526B417979674855695057394A32467555362B6D3051506845705355474F6A6B47436F35417873547A622B4F4251507154536C746E38526F64743744794B432F4155392F6B71556F436C70555163625936464F64714E4A326E6C58485555695A4E6D5478434D566C7068694E50666A684C6956756C78524461306735436D786B35506D31566C67754D56333353306D32573979533478623759714F706238787953564F624C566853314B4B6346664B553536705069613563366B48704F62454E427771736E3872756635527636466545614573396C76566D576B767930794A4B32564E532B52784248594F7136636F3379675644635870436D654A764335734841636D76672F4B7A5233715A5A5265744A416668335261542F7743536C48396C646C7344586564675A326E6D624730766237684167536266626D70553472544762386A53656370414B74776E41786B6463567A7630625364715441463474317362453257694648436F535638377938684B646B6E476348633448706F58346B506C766974777962423263656D35396A6264644F4E717558375176547179336A2F41424B674462336B6B37774639315A594C5061754873435261375462346236376F32327032504751326F70374A30344A5341635A414F50525756556E4761313537722F2F414461577A2B393276384636736730376248305A69315965714B6C537055614369725166755548372F506D586530524C6E4B67324A6876797478555A706C53684957554A5343707843746968437476395431357A35577776636C32415737683549757A6A53512F645A536C4A63436953706C767A45676A6F4D4C3758356656516135776B4C5247576A486A2F414B7231667738525A586248664A7369504D4C71586E4A63574D744B464A35436B41706154676B46577836343236477278733779354E6F685076486D636459517452786A4A4B515455467276544E73312F6F2B64614A44724B3233536F4D7955414F6554766F4A53464466716C514B534D6734356B375A4E5439736A716957324A47576F4B55793068736B6443514150325569784255447247674343653042507457346866306B4D2F774470396E366451657265462B7374575774647476584568547342616B715777335A573267736A636378533443526E66424F4D674847514B6950653534732F306A4A2F542B6A5339376E697A2F534D6E3950364E45476D6F5966542B306F6465682F487A6C4F38464E5A58585132756A596F445546396D36334B4E436C4C65517371536C4C716B5A52685177666846645165367464363976456A5432693731643453476C795955567839744C6F4A51564A4751434151636530566E54686677536E534E5A544C6A637236796C33543935624367686C54706C4C527950456C52556E6C79464A476348636E7733306A7247792F62487061363262796A796279364F755032334A7A386E4D4D5A35636A5071794B6D73564C416952534442546D5A76344F33485750456A6948715055454B3873574230784757704B343055504E6B374274496263556438495765596B6B6267624B72522B6C4C6464725A626E476239665633755570307254495646626A38714D4142484B6A5934494A7A313837305544384B4E48326E685041754E7675463874377379592B48772B36704D646132516742494B464B5052586134494A362B7747326D347370715665356B6C356831693454524A6964693456674D396779326E636741456C7453734449383771617056594D644E705A41514E6435317574716D545A69486F312F7564756253674A4C455A754D70436A6B2B6353343074576438624544596264633572344C785A454C3353756F343831317836516863376E656353457164506167383541414135733532474E3971766E376337624834683361785472744359456533786E304E75754A51513470623361416B392F4C32427831776F47713974724D443771643266624A7A4D787534576274334330346C61554C5468726C796E304E704F2F386170516B4167397044616B48336A2F6A5166384170563454663766492B64696A2F5666332B305A2F657A6E2F414C4758554C7842305A634E52363130506549543052754E59354C72306C4C796C4261776F74344341456B452B5965704864556E724B584759314C6F646835397074353236757151685377464B416853556B67642B3630443171413778555A794150597963594A6E6E586572644936536B32755271365178486B4F4677776E567846764B535279382F4B557055552F4754345A396C4472764737686D38707054313962635530766E624B7266494A517242475238487363456A506754544C335148444B373852685966734E4B67527A41376674504B3172547A647032654F586C53722B496576694B7144376D62562F3836574438733939565630536D567978316C575A7764424F6675682B4C6475317847695750547A4B3132794D2F3553354C6551554B646343564A53454A36684746717956444A4A477778353148315A6E4558673566644132424632764677744C7243333078306F6A4F4F4B5770616754747A4941364A4A363931566E54644D4B4677753058664A50716970557156456C49714F395063577462616473306131576139434E416A4168706F5247463875535648645343547553647A53705642554865534352744F576D4F4B65744E4D5730322B793378316D4958464F396D3479303968537431594C695645416E664132795365704E5333763638527678692F55593331644B6C5653696E704A353248574C3339654933347866714D6236756C372B76456238597631474E3958537056336C703245376E627649323038576462326D5A637055432B754E76584637796953537730734C63786A6D43564949547341504E41364477465358763638527678692F55593331644B6C58655770365475647538446457616E764F726272396B7452546C7A5A6762445157704355424B426E43516C49414179536468314A506652716E6A74784351796C744637625345703551524359322F51785370564A52546F52494445645A587435756B36395853546372724A636C54704B7974313577354B6A2B77446F414E6741414E71643655314C64744B585A4E7A302F4D4D5361454B6244676253767A54314746416A38314B6C5534474D534D395961652F7278472F474C39526A66563049366A316871445564366175313575736D526347536B737568585A396955347879424F416A63412B614276763170557167496F32456B73547559567363634F496A4444624B4E52724B473068414B346A4331454159335570424A50704A4A4E652F6631346A666A462B6F78767136564B6F38744F306E6E6276423757584548564F73343861507153374F5447493679343232476D326B6852474D6B495341546A594535786B34366E49705370565941445153704A4F38564B6C537270302F2F32513D3D);
INSERT INTO `community` VALUES (2, '巴塞罗那', 'més que un club', 0x646174613A696D6167652F6A70673B6261736536342C2F396A2F34414151536B5A4A5267414241514541534142494141442F3277424441415945425159464241594742515948427759494368414B43676B4A4368514F44777751467851594742635546685961485355664768736A48425957494377674979596E4B536F70475238744D43306F4D43556F4B536A2F327742444151634842776F4943684D4B43684D6F476859614B43676F4B43676F4B43676F4B43676F4B43676F4B43676F4B43676F4B43676F4B43676F4B43676F4B43676F4B43676F4B43676F4B43676F4B43676F4B43676F4B436A2F7741415243414357414A59444153494141684542417845422F3851414841414141515144415141414141414141414141414141414141514642676342417767432F38514155524141415149454177514642516B4B4441634141414141415149444141514645515953495163544D554555496C466863534D794D34475246525A43556D4A796C4B48534344513363364B78737348433453516C4E545A4656574E30645A505238426444526C4F4367354C2F784141634151414242414D424141414141414141414141414141414741415146427745434341502F784141354551414241774D4341774D4B424159444141414141414142414149444241555249544547456C46425958455446434930636F4752736348524D6A567A6F51636A4D354C683843525359762F61414177444151414345514D5241443841714B4343434C47516569434343456B69434343456B69434E63772B7A4C743533334168506166384165734A704770537336724B327337776642493174326A746A7964504731345954715636694635627A41614A62487558394D504178353561783759394F6E774D4E726C36724A344B5634652F4D6F66464B347A424353666E356551614C6B79344539695271566545563672736B6B6247336D6563424B3478434F6D314B5671434D3075356456726C4238346549685A43574935575374356F7A6B49676A4D454A627245455A67684A4C45455A676A43536234494949744663377048555A6C544462614A6474547332386F4E744E70467970524E685963346D794E6A2B4C4771624C5053745A6B31546930426238732F6D4737556667685142437671462B324954554758696C71626B6C71616E3552784C7A4C69445A53564A4E786276754C2B714F67734D346B393965434B6658576E7068687957634370397156383557515764534259334F5535306A6D516B48516D4B38347772726A5354776D6E6347734A786B353764732F5833496D733846504C453450475371686432646251576C5A55307951644878307A4C5942397167667168644A624A38617A5254307163704D6932654A336863555041414566584855714D4349655348477353316E6472414B53675369675232676C6778746277444B32534A7573566D615344636776495A7A64784C5345483247496C316278413863706B594F2F56506854304C646552632F77424B32543461773445314C466C534E536454356E53534732536F61674275354B7A33584E2B7777373158446D43646F61454E414357714C4B416C7062434F6A50684364425A4A4143306741573030476C303678447078704B61684D4C36363168616B3533566C785A467A6F564B4A4A395A6951624F704356716D4E71544A314358616D5A5A3178655A74314F59487961694434673667386A454A357455545343523837764B6468324139335247386E446A594B523072694E426E474F6E656F6856396B324D4B57745875524E53645A597659426167793736776F322F4B4D4D3765464D644E4F692B4748464B4678634F6F4950727A5232424D5942594763303272564B54423144536C706D4777662F594375336346443830527174305773307971303253545670427845326C315257716E71436B35416E7364736235757763496C4A626C65365742776B65317A414E53636A5164772B6944596F715953746C6A426134466338534F7A76487456566C636C35436B4E45324B336E77705873546D5031434A6E52646E654638484F4E315046453861705572336236536D3653527A51794C6C52476E47396872595137544E52717973627430655971626E512B6C6F59554A64744C4A576B6B664331554F504A516A52745270636C53367A4B74794D736C72504C5A6C7231557477356C61715762715565386B78417956395455794E686C6B3551344534594F7A764A31434B4972644C5556456363376965595A47646450445A4749396E3246735A7A4335687444314C726968765843796E644F33507731744851676B2B634F50786A454C6E4E6B6D4D4A4A52397936315470396A736D4C7472506A6F522B5646756255476D334D45303961304A4C6A626A5A5175335753536B38447848716842686D556D4873427A6C5539314B6B6D61615138556B7668306455584677344663346130317A71596F424A484A364F655844687A6676756D37614E3749764F4748475859304F46554977426A384F6276334C70785438667053637636562F7168796B4E6C474D4A783070714E55706C4F59506E626E4D36736434466750796F736A5A30355538527554346E367A504A334B57796A6374533654726D76653752374244306830534C31586E4A71707A54394C6B5571624B6E3931624D3363757247524B6542366C694F4B466362697A696539567243364E705A7A44477750627476706B3946725647654751777A50646E782B793579666C6168514B374E554375584D367762744F38512B3379554432572F304F6F685247696371737A697A455535694B664253484357354E6B6E3054514F674831333779547A6A664262487A6C6A544A2B4C417A6A625062685439704D7271594754336463646D566D4343434E6C4A4A766767676930567A756A686676695A2F632F3145794F4C7178524671386A4E73644C5A516547644F684138516F2F2F4D5179486A5A67726462594B4152657A6A4D776851484D626C77692F7274374946654D715674526170656273424B6D4C4A4B575649413756307A68506142514D5030566D69316964577A4E30315335514E68687857567043694764514343533175796462334F75734F35327134525677714C70384A5633374D55426A4932786E57787A33725376624C7466365131585062415054334752304C486B6267483468577452384C5574544332567A6E416E772B7932545330755454363061705574536765346D48724146546C614E6A436D56436F4F4675565957705469676B714942516F634143654A454D45466F6274667975446B595430375A6F58516E596A43365647316642354150756B373946642B7A44504E34756F324A7357305246476D6C76715A626D53734B5A5769774952627A674C38496F506845723255452B2F695731503375392B7A437556572B576B6C59514E576E35494E722B4761616A674D38626E456A726A374C644E36375752662B73456671685A746B2F6C2B55374F69572F4B564353622F4141736A2F454566716858746A2F6C2B552F757637536F48476574516577704B4831796E396A364A2F7742707638787050353758364A6850685838464E532F467A50356F55625466356A53667A32763054476A436E344B616C2B4B6D663059594D3953622B703956484E3951622B6F6D665A5A5049706C4D784A5075494B305363716D5A556B477855454A576F692F6661304D7532325A646F757A61516F7262326564714C364A64787931693666506458347158596B2F4C504746574233533151713442596831636D77734867554F5042436836776F69474C376F4A7775562F436243764E426D5854706F5431503841534A75474550755441377463542F6133492B5A544F394E35363134366C6F2B4F464232576B4D736F6261387843516C506848754D386F494D6335524D316F59304E47775242424247466C4E384545455769756430512B374A4A64553374646B584541715249536A377A6C75515568534239626959594672533268533171736C497553597362594649706B364C58635856424B6B4E76356B4E32424A444C594A55514278755142707A524166787257434332756A48346E3641654F696E4C4841587A38353243736D6E374E4469326471315A56556A4C4E76545A61615347633455476D304E45337A433358517357376F582F77444246483965712B696A3755575667696D75556A4339506C4A6F424D344739374D674B754E2B736C627475374F7058717444326F6A75676170364F4B4F4A735A4777412B434B3258327569484A484A686F324742396C78712B3375583357696378516F707661313747304F4F464B4F612F69475270572B334853564B54766375624C5A4A5677754F794545386634644D2F6A562F6E6954624A2F776830583859766C2F5A71694E6A61444941646C5A31624F364F6A6649772B6B476B2F7370364E694362442B505666525239714E645077496E42324C3653364B675A7270444D796D785A434D74676739703759756F4557455176475A76696E446F4848647A5844776268786471654A74464D576A586C5079565A4F764E64556679705A4D745063507371576D7677734A2F774151522B71466D3255327238722F4148572F35536F527A595564724F674F6C51527937784333625070585A4A4E69535A572F4435536F456D442F414A55487346476B54683533542B7839452F625466356A79667A32763054476A4376344B4B6C2B4C6D507A5276326D333934306C662F754E63766B6D4E4F456756624B616B63707475706A6C386B77775944356B333954367150613465594E2F55555877556B65396A464C70467A4C537A63326B57346C6F71644139714244523930557A6B6D4D4C5646494962616D586D5846646D634A4B5154344A56396354445977306C3156596264614471464E744955673668514F6345487868763269304E3275624C3668545370627454704E794D78757461324E4D35484546625A7A4166327165324A614F63525846727A7331325037786A5075492F644D72303746613874376A384D4B704442434B6B54676E7042742B347A4557554F776A6A4379445536496C686C4530625A473748565A6767676A43394533775152706D742F305A77537558656B645171697A3348414A58504C573878776953706B336972454D7068366C6E72764B7A7A447754634E4948456E75485A7A4E68784D6452552B6A79456852574B544C797A5270374C48527779346B4C5374484D4B42304E2B4A375446582F63364769436954794A664E37346973716E6B756A726C4F62715A4F31477576504D5466344D57397834586A6E7A6A57387A317462354A774C517A353966737242746449796E68484C71536D63345777357A773752666F4450325942685844592F36636F3330426E374D504E6838592B794458734D42336E45332F632F457152354739457A4B777668374B637548364D4C416B446F4C512F5A696C634B7A74667850494A6D4B58682F5A36417431544B5758704E435856464975546C755461786A6F4A59367076324831785465776A424E4F46486C3639554A423971744D54546F62573470614F726C41485534637A79676C74465732476B6D6D6D314949786E58665065463454687A6E74614E6C4D35366D59656F6D446C56577534626F49666C4A4E4C30796C6D516143564F3542644365716443733248694C785831486178524F53307069426A414F454836584E6C49626B55535453485574714F6A6755654768346B6B61334B6252616550614937694842745670556F6F4A6D48325475726A696F454B534C38726C49462B2B4B797731744F71464E6F394C77326E4331516D4D515367626B797751554A5568466B35723851717774714C446A65326B653972664C4E54506B6A6148764C7451546742754F7A55592B693870674776414F672B7173504556466F6C4F77785535356E447447512F4B7954723761484A426C57565347314B414E6859366A6B597069567846556B595A526952644B32654F7934314D6B5A52704D7A62655A5052697834692B68346178652B4D6B726377525867472F4B4B70737A314163316957566144746A6D695352687865436D354134577244324B796853424E6F7A68764F58446C4E7378765A4A534C5A6462487476447668786F6D686B4D6F35765341363448764F33657461707A6738467037463058517152682B72304F6E564D595A6F374A6E4A647559335370466F6C4764494E7235646258343834586539664433504431472B674E665A6A7A6778696F792B4561517857314B4E52524C49532B56616B4733416E744173443333683639554239564C49795A3757764F4154326E716E7A526C6F5454373263506E2B674B4E3941612B7A4336516B5A4F6D746C716E5363744A744B58764369576153306B7174624D516B43353047734B4C61386264316F775262586C3277334D30727433452B3872596762726D3361485144676A47626A6A4B4D74427171693479514F71797634535055654879534F77776D476F754F45585A74594E4247427034596E4A36497230515262653737584C752F6C636536313736586A6E3744615A744E4D514A766862795950454A372F415066434C517364632B7470412B51616A545058762B366B4C50554F5A4961626475343775354F30455945455379496B676767676930567A756C65434170726168686863757054533348314957704A73564A4131536534693439635746746378425636646975586C4B6455706D546C2B6774754B5379713131716364424A3953524661305238796D50634A7A47594A536D6F746F5554795370615166717645363232744B526A4F5563494F37647079414438704C7274783673796662466231314A424E784E45795A674C53313268475169654B5A376259584D4F43443956477A693345656E3865314C2F4E685178696576725951723362714E7941543561493671466372626F7A647577524B583230554D4562444843305A4A3742396C4D38477664567A534E6E504D41427634703463784E587768536857366962413238722B364576767378476F356A58616D5352783333376F535038416F6C2B4268414459447368574B31554D7A482B55686164656757654D584F704A5968416558494F796657635759693369452B376C537354774C76376F5671785069456A4B61355579507876434E4F43734C7A4F4A617130674C4D76496A4F70637755334B676A4B464A514F42494C694C6B36444E6672574B59734A374265464B56556C4D31575A6353795A5A436D6E5A75634C4F38586E5876434D70536B6C4933576746674658494E39422B2F7741397170616F7751786A49476F61306455353466715773706331545335784F6850545256314D3470784332744F5775564558756653336A796359596C353136706E78646953347232666F62707971726865655655704E7345725A7A496357556A69707461414171326E5674666A596B32455639634B475A4A424863622F584242773954326934303257524E4C68766C6F4248694D49647639524D79726336496C7244736E2B5878526946625A4B713555744645656D6A654D5456382F3033557638414F68686B74576C664F4D4B4F4A69467271436C5A555061324A75416567566932696D696C6F5970487479534571546933455A4838753149654433376F644D4C3472727973555564742B737A727A4C3034793034323435644B6B7257456B4854766949493465732F6E6837775378306E476C4261374A78446E716238702B784248637250626F72644A4A35426F495964634470344B725756645161336B357A6A6D363936654E7536533974476F544C796C4B6C685479346C6F714A534637787936726470736E32434936496B5732685965326F7943456D2F5236574D7737435848503145524859436251434B474832517254736A635276642F3652424759496B464E4A766767676930567A756D327537314D6B6C39676C4C3075744C794644694344782F58366F75586175473637684C442B4A7052506B724450626768443453646642615570385652565469457549556851756C51494969784E6956546C7172682B70344872527A42704C685A424E69746866484C337055633362317536415069356A364B654337526A506B7A726A6F64442F7663694B304F6250452B6C6432717644714956796E3373333830523772744A6D3648563336585070744D4E4B756C64724235733379754A485951443445456351593853763373333830524A5871706A7161574B6149356137556642542F424D546F71715A6A39774238313765394576774D4E723639334C4B63484243536F6A77316879653945763177334F4E68316F74723831517366434E37426E794D764C763841344B7A7877514A34536473483568644B30536D7355524647705367333069566B6E5732796C4757396C746231576D6C31727971377A654D726E473666584A677A545577703661536A6F796D57564F456F514F736E716A713255705369545957554E6571624D6545702B59786C514B644D54627A4D757555585A34797937764759536B707A6B71534D674E38325542567773416D317771524B364C5231475A6E703531365964386D68637A6C33696878794E6F516B416B32765A4B626D7776657774534E593073714A4754456D545545444F633832527274342F77433463776B4F5930733257437933506F5655715135754A344B4B53745346497A7154706B655151436559314759616C50667A7869566C6D56784C564A615859584C706266384151715145626F7153466C7341615A55465253434E4341434459694F67424C6C4574505661636D6E6155706174396F6F5A576B4A51426D6453657170566B6A4E32437742756E4E4850565971387A58616E4E3153635368742B61576C5A5133664B6B4249516B432B766D70547837494F763465736635334A794F797741413978365A3249485A3739737145763561495768322B56346B76524B2B635933382F5647695339457133786A436A6E45786366576E2B4A56683254387568396B4A7552357038542B654A397358706170334654303870486B7042673556572F3572743070743239554F2B3052416D554F75725179773070353931653761625271705379624141654D5739576E6B374D746D5A6C3233554C726B36536C4251727A706C59414B6B3838714567575079553338364850463978444B466C76695038414D6D774D6442326B71734C64536C39592B5A773061543863364B7473535641567A6146694B704955464D4A64456D796F65615574674A4A4863536E4E363430776C706B6F4A4B53616C78726C48575061654A4D4B34686F3432784D4562646D674165375257766234445430375775334F703853694343434E6B395466424242466F726E644130684F7455334A543872564B5136574B6C4B4B7A744F446E32704935676934747A424935776F6774486A5555374B6D4D785344494B39595A6E51764432377133365255714674617736576E45394472736F4D79327836535855536C4A556D3536375A4E6952667530566C554B2F726D48366C6874314C4654594B5772684B4A7046314D7548577743374378303831566A7830747245594C543874504E31436B7A623150714C56386A3743696C576F494E37646F4A48676261785A4F48397343444C696E34397079516C53643071636C3273374C716441633764744F5A4E744F5755525674645A37685A4D7470683553444F6558746234665A48646E7663516B386F4D42353050656F572B504A4C7633776852356F384975526E434F446357736C2F44565253307051556F6F6B6E5170494A375756616F48634D6B523264325456746C514568554B644E6F736458677558563741466A36346B4C4478566271594F6A7158474E78374841686138546957356D4E384C6468314367394D6E70756E7A726231506D58356371576A6549616457326C344A766F7649704A49314A3467366D784634734351326A4B6B515845595A6B544E72466E7068453255726449356B6C74537248734B6A3477784B326559715A64535063787035494E39347A4E7457344834796766716A6437784D56482B686A394B592B3344572F31566F7545334F4874494936347A3434497A37302B3463706F6D55706256354473366547695234307864566352355A65625532785479643530566934535465344469696272497344795466554A754E49776F33367769594F625063564F7252616B70527831584E733248735554437956325659696455675444394B5962765A5367387478513845684142502F6C457A6162395A625A52694D534E62766B442F473648723551545431726A54676C6E596F5A49416C6C5850724746314F6B7071707A6F6C61624C7554557861356261463871666A4538456A5869534233785A457273326F64456C557A4F4A61797454535353564B554A526B36647479712F67736545494B6874516F46446C50633341644D5250504A4E77573279314C4A50616F6D796C6E686336582B4E41765758735673377A6234792F4A33497730654A4B4D365334757036534F6E4466534178312B414363614651365273317044396478524D737656424A4B454B51626846372B545A53624572504E52414E726A71707A58724373316564785A58565675724E376C41546B6B355339784C743935357150456E76354377476964637146627158756E69536236624F44527046724E4D4A3542436541396E313678744E2B5A4A4D5A707152375A4455314C756556323537414F6A65354F4C626165556957555947344866314B7959494949666F694B4949494953536234494949744663376F676767684A496A436B6851736F41694D77526736364C4F5345676370557170774F4E4A57793644634C61566B4E34643547763472706F534A4446452F6C5235714A6737344A377576665345343433673137596A3669303064542F576A42397965525638385834584653656B62567356556D65616578437469725532396E6B744D496163534C2B636E4B414C6A734F6E687869384B4C58365A57614B6D7255366461636B436B7155347057586467433543372B61527A76484E466752714C2B4D49555578616E486D474A7559596B706D7970695862634951376C3146787730506150434158694C67576B6D6235616C3944472B4F69494C5264705A354254753163646C5A574B39713953714E524D726763747353624A4963714437515876566469457142414865526336634F63636D385334306E7A616278532B33792F67724B47543669674A5072684579303279326C74704951326E6742487549796E74744C544D4449347870326B416E3471776F4C4E466A4D784A506951453372705455784D6D597154387A507A42314C6B7936566B2B32467A5461476B424453556F51506770466848714D772B376C4977306B4D48394A6F43786253434D7752684F45515151526C4A4545454559535466424242466F726E64454545454A4A454545454A4A454545454A4A45653242356361386A424244473565717965436D6548767A4B487853324D515152586975395A676767684A49676767684A49676767684A4C454545454A4A662F5A);
INSERT INTO `community` VALUES (3, '曼城', 'Pride in Battle', 0x646174613A696D6167652F6A70673B6261736536342C2F396A2F34414151536B5A4A5267414241514541534142494141442F3277424441415945425159464241594742515948427759494368414B43676B4A4368514F44777751467851594742635546685961485355664768736A48425957494377674979596E4B536F70475238744D43306F4D43556F4B536A2F327742444151634842776F4943684D4B43684D6F476859614B43676F4B43676F4B43676F4B43676F4B43676F4B43676F4B43676F4B43676F4B43676F4B43676F4B43676F4B43676F4B43676F4B43676F4B43676F4B43676F4B436A2F7741415243414357414A59444153494141684542417845422F3851414841414141515542415145414141414141414141414141414141454542515948417767432F385141545241414151494542414D44427767474351414C414141414151494441415146455159534955457855574554496F45484642556A516E4752434263594D6C4A796F63456B4A574B6A736445574D7A644467355054346641304E545A5459344B697372504338662F4541426B4241414D4241514541414141414141414141414141414141434177454542662F45414449524141494241674D464251674341774141414141414141414241674D52456945784531474230664145496A4B687352516A51554A53595A48684D3846787776482F3267414D41774541416845444551412F414D5931754E4265326966736A6D595453323553547833556635516157346B704A3437714D4B62334F6F4372616E5A49686A4131424A75416F4455374A454A736B5A54623255382B706852745965355050715954593937377976794541436E676F6B2F65562B516746376A547644674E6B6A6D5942784141313254736E7159747546664A2F584D527369595A5945745476724B6D356B35454B484D58346A384978744C4E6D704E3549714F6C74387050696F77757479644D77477032534F556242524D43345A5136704B58716A6953625233564A707A6556684235467736666A4671596F6376535777704747384E306C763256314B5944712F65622F414D346D36795256555739547A714F43514270374B6566557747316C472B682B73726E30456569786952457341426972437A41734151784C356837726855664336346964557043735134546E4F466B54444F5454784D4C746E75362F427578572F72386E6E665734304149476732534F634A706C334B5366465A2F6C472F5475473553666155354D5954706B3230646532704579454B50686F49714652774C524A715A4C4E4D71557853353957695A57714E6C4250524B7542384C7871727865706A6F7957686D4F74796267456354736B51572B7233542B796E6E314D546549384C566244726F5455704E61477962496354336B4B50336F67396C61366530726E30455654545630536161795975784A4F6E744B353942423751303777476732534F63477559634C32304779527A684E4D7535535434714D6159476D58664B5434724D4C72636D2F65334F79656767334F757535325430454832644E505A542B5A674139562F4A562F73366E724A735053626C763870714344354B76396E6C51317A48306F35632F345455454B7A5479707266694D77477032534F55494F414154634836715476314D4779525932396C50507159552B30537237797679454D5942396F6C576E744B472F5151367064506D367050735356506C31767A627073303067587431677064506D7170555A65536B47465054627967687070493458334D62396858447257475A65597064486D476B314A4B4D39577243774D73716D3138694C2B312F4469646843546E68486844455175474D44552B675453474A6956545838533243315371542B6A79742F6164567738447832454F4D57596F6F394E6557336947634E66714C58436E79787953637552774248744564622B45564C476550307059656F754543755670317A35784E6B2B746D5662714B754F7364364467567330756934676F39596B6E586C7243684B7A774345726447705263334639446F596B31383079312F6C68317A4768787A69764656526C3654526E453039743435475A6155485A4249356C5845414433524234726F6B6E5435645435784C4C314F6F687A733568744155705150525234675264735179434D4334376B63517579696D3654507058327945454B4C4B6C4A495767573033754F66684656716C4977704A6F6E4A707576716E314F4A4A6C4A5A6C6C5356494A3446776E5157686F745A4F4F676B6B38314C55367A4F423333364A6871656F736C4F54666E6A5A564D6C744F5A4C5243674E75472F776A6A567349734E2B556B59636C4675706C6C754E704B6C64355275674B556643356A6C4D3474665868334431506B465472486F375032716D33436B506C5338773462652B4A53567864546C6555695A78444F74544C444B32676C4E6B68616D6C646D4533323545786E66562B49647832344564564B584A55507A75596F654B663071575555467249746C7A513237703447486450783757665236573637496F72464C55636F3836617638412B75334838592B4D58544363514F5578746A454C4E535734356B516C3658374261436431714931455769626D366A493457636155795746305A6B5338334A764E586C3570423044694475535465466B315A596C646A4A5A76446B6837682B72796C576C6C7334656D30756F49733552716B6377493344616A2F7550644659722B433565704A666D4D4F4E726C3539675866705435737472716A6D4F584F494C432B47334B3749544C394B6D46745665565546705A494B555A547773765A58766979555045336E30307A5463534B636B617777727335616F455A566851396C7762673964496D30344E75443036346A4A7161536D6A4D58454B6255704469564A494E696C51736F6E71495457354F6D596356624A48495271754B73506D76706D564A59524C596B6C55356E6B49466B545466323064662F77786C616B6C4B73696B6B4B4230516444377A485453714B6F6945344F44506E6B4C6165796E387A43387A666F7058506F494E6C472B6E744B35394242726344544D426F4E6B6A6E464244315A386C612F7A647A3977422B73334C41626571616768506B71572B62756674653370527A55372B7161316768576165564F66652B38723868414C33466741646B2F5A484D7761334767767350736A6D5974766B7677346A456D4B35646D612F774372706538784E4B556242534536324A35453665363861335A58594A58646B6148354E73507659666F30724D5337615469577467706C53344C2B61736530387277313636434B7A35554D55744A537244464165506F365755664F35693931544C767446523331693359307849756D34626E4B34327273716A5772793068735A655554706D48496B612B49355253634659516F654938497A73334D564E7952714D73373369344C74684A305356446A596E666149522B7552655830524A576A59487737586350555263713955574A796251764D2B4542786C4C694E56427A374F6D6F50434970356639454B64556148507A4D6E577158556D79746C556D2B43573367624A554237502B3064567531484265476131514B7232696D716D684B354F596C485170433168514372486A596A62773369547756686D6E3047516D716E584A68445656596C684D6F62553132715A4E424943564B546358634F7732744133624E7536424B2B53566D51557251357856476C337361566C326E5570427A79386D74526365587078533374377A7A686B6353554F6D67706F6548326E414459544651563271316E6E6C47672F474F74556E734A545577354D7A6A2B4961724D7250655735326251576551346D304D2F53324632312B7177334D4F454378553755466144775478686B6D3955784737614D2B31592F726F4E6D485A57574134396A4C4953456A6C7768426A797272306D3235476253723248355A436972715461435571644B6D46686D55776D30366F6D3655475A635572336D4F53713351697452657779315943784B4A70784E7A79336777723666514D542B7231484361746875716B7071744C56546E466147616B466141395548386F37346C6C6132335345695771797176515151454F4E714A5332427743306E55483377774652777734556879677A624B75507170374D456A33464D5356437165484B644D42326E564773534257624C532B7968357477636C414735454B37724E4A2B707173386D7868564B327733525A4B6A346537634D643131397932567839376C707344776955566732616D705474367A5543315835314A584B734F385635654955646952776835694B6D74554775477434665330737953775A7558556E7574676A367952396B3338496A63525664326F4C62596F377135357562574A7070705353703656637671416468434B546473475833476153766A4A5843645865716145556D65575A657553424B7046357A5252746F5731652F6C2F4B497A48314B524D797961394A4E646B4672374B655A484670306166416E3875634D4B70517133544766546B34386E7A704471564F3556356E55453843713341583069377973347A553565586E6C7074493164486D73343373322B4233562B504434524F54564F53715130367575583748537872424C557837573430476259624A45476C7632622B4B6A44717279533662555A6D55645362744F464F76466657477535313777346E5A4935434F394E4E5852794E577950566E7956722F4E355033494A394B4F5874743670725343452B53722F5A3350325459656C484C66355455454B7A54796E706263704A3856474E68386D314B576A417A34624A626E6351546961656C61654B47527134522F356330592F7263366A4E75646B6A6C486F76444C534B544A345A51736572706C4764714B306E5A617865352B4B6F5373374970525633637A447973566C756278325757326B4F79464C4B5A5A6D574A73685152624D4462674C33486846796C6356307576307079577736756E55476F7574466C36576D70644A62665462564B5850356A2B6359724D764C6D4A683539355A55743152573476636B6D3574484D58754E426D324779527A6A5854545357347856476D33764C78677554524C4A6E6139576C64744A556275797A42566D51342B5433456A70375238493769666566386D3249616E4F4C55354D56536F73734B57654B736F4B37447044484678464E777068366A6F4A7374737A3734484661312F5676376B2F786A70557957764A5052305A6B677656423178576E444B6D326E7868586E5A37324E706C39696C61334A767275646B6A6B4965794E4F584F4E4F4B5A576772516B715178715672747659442B4D546D41384A50596C6D6E4848637A4E4D6C526E656374716437447159317279662B61735553565852614956754F356C4C6D4632516E3678307A47355067444256724B476D6F55365750556F2F6B71704E48636C5A7565716A4D784E5472557747304D4E7055546F416235523135366152382B56476D53624E6670307975566D4A4F58665A794A6C304951436B705051324638773578654D4D4D564F6D7634676B4B544A7979534A2F4F48333148496A4D684B696D7746315776303478482B55366E7A586F4F5266714D776D6266626D3239573251326C467A734E543854484B7176766233314C756E3775316A4531734B7A75687444696D3045334E726B363778793175626B42573532534F516A30506A616C734D344A7172564E6C576D5646724D657A51416241676E38415938386367452F64542B5A6A716F5674716D7A6E7130746D374639724E5863706C586F6C55514F30616D7042744C374A344F70746C55444846704D31524D534A6B364E4F4A6C3547704C6263626D564158794536414861334477686C6963397068584462716C4A306163624A4845325764493550457A2B43574862447A696E54485A582B793273584877492F474A4B4B77723863686D382F506D5474647239446256584630395530394F54364F78553073414E4A4950384157666D49596554365A38356C716C526C48757A4466624D456E5874553633483466434B5A70626D6D2B6E4E52695777704E475478484950334677364173374148516A38596156425270744C586C6F5A476F334E4E6B3135516D75334E4F713651456D6259794F6E374B306148782F6C465035616664542B5A6A5263575332624456525A4342655271425532503256362F2F592F434D36324F756D3675665152765A5A59716474335343757253505666795662664E355036356A3655637565765A4E5151664A57763833632F634166724E7A546C367071434C4D6B65564F586430396C5050715939475973486D72574B6745674A596F4C54414B644E446D476B656337385466377975665152364A78476F7A725749564A576F2B6434656266534E4C64334D62784B7471757478616A6F2B743568564F6F37733953352B6561655A515A4C4953796F6E4E5A53676B486C784D4F385459596D4D5050797A553236683374696671416771494E6A78484472774D52314F717378543561625A6C696E73357249466C5362715555724368627841683758385354746357795A74457333324B6C4C50596F796A4D6F33555471645438497233722F596C336266636B664B6371324C485752636562734E4D363845424B426F49633469792F4E6E685141452B766D624A35366A5577313870514338526F6D4569364A6D575A65514F6430445578646344562B556F2B4261573755574758354D7A376B753874614D78624B6756416A34617847546359526158566971563553544B686850467378547054305A3538354A5362684B5672537968784A4B744463455A76454B6A55364D6D733069687330756D5474456D437932533274613142566A716D366239596E36354A685647572F515A4F6E4F5457584F30485751704378793074786A4858504B5255324A74535A6D6B55704A51724974486D354369526F5278306A6E75362F6752622B4C784D304754712B494770703169595251484A685A53564B616D4D687661784B6B6B6B6E51434F4C6A74657144537053754F59666259645671674F4B43375830796E4D645245684B5669677A75487653364579624C56724C557473457472354544654D36722B4D6178534B6975566D6158534648367A5377775348456E676F472F41784B45584E744A575938704B4B75336B575879694F3157547044307A4D316B4D73717532314C536A4E733550444D736B6D31754E725269527459334F6E744B472F5152764F43635479754B6165575A746C67546A503132676E754563306737524534396E366A68397844306E54716137494C30436C7361746E7259773943724B6E4C5A4F4F6634457130314E625250496F31632F37465966736B42656436333749754934346141647737694E6B69376659496331346B705744654A4848732B716670464264655130686272536E4332306E4B6E565668596374496A614172734D4F3469665571785530327A6661366C38423452304A7430722F66384132497678385036477274416D6D36534B686E515155705570494237715647777365424E396F357A4E4F6570553149462F4C6D6373346C744A31545A567539313068455671616270714A46674E744E685356416F466C71494E775362383966434664716337566E354A7163664C6F615745685234717571356969326E7A615A69647A34616C3878426C646C73556F737178616C3354314F582F41476A4C3962375A7261445A496A5463514B374F56784D744E674D7244494E2B466B2F37786D576C6878796E34714D5137443458773945553754717550717A3158386C53337A647A397232394B4F616E6631545773454C386C612F7A655439794366536A6C376265716130676A725A413870363347677A446750736A6E472F34526D6D366854734A504F727A4E54636939536E62376C493076344A50786A7A2F414B5A64796B6E785759314879627A37303168537079457563302F54586B564F57527A796E764A4876414938596E585634334B555861566A4E36684B75534D2F4D7972336464595770745A325459326874794153663255382B706939655671526146655972456B4D306C566D6B7A4C567547596758764646325633745061567A36434B516C69696D4A4B4F46324C6658763172676D6B314A4275354A45794579514E6266575238626B66434F75466C4771594C72744641486E4C4F576F53365075364B386247492F426C575A6B356D5970395331706C5262374639502F6462706339344D664B524F594C78536853786D4C4B37676A684D4E7148456443444532745938554F6E704C67793665535847336D78626F6C556339516F326C586C6E6754374A36636F372B57444473713550533839492B72714577443269516E7571536D3131333441692B764F4B4E6A436B6F6B3568717030306C564B6E66574D756A673064322B68426931556A46534B315147574B6E326136685446706D577531414966516E5167396247495368686B71745069566A4B3858546D643650684E4E4E6F387738796F7A54364658447757704461464454752F614F7046794C5238597977356C70796D576B70594B4146496155745367546F44325369644C365853642B4554796D4A496855674D6B6F2B566C7878316169684472524E306B32494369626A345131714C306F334A757568704C383149744B5138383673754A4B69416B444D65494E3732484B496257574B3556776A68735A52543579636F7456512B7765796D3564524254736D3268423578754649716C50786651465A304A5732346E492B797232542F7A55474B3169334136487350796971634F306E4A526B4A566C414266414838597247463358734F557161724C376862572B6B7379374A4F69316661493543477175486159596F654A43553856475747576A4757506E326654535A4B555636695161544C6852327478385935314330686853526B38746E7074777A536B3735514C4A762B4A6A68514B6636556E6E4A756F4C4B4A466A313077347266572F784A2F6A4453753145314F6F76544A47526F3253684932534E416B5231526A6D6F627465764D6733724C65522B784A4F683471356E6B496D634A53336E574935467370766C586E4932536B612F6C4550726D47797261445A496933594F5A4D7053353670424A37527930724C38317256785038507868753054773033766558354D70527854513778524E4A2F6F303876584E554A3553774E314A546F502F61496F32354E39666156734F67697934346D4569646C366530723163697947314B354B4F702F4B4B31396E543771667A4D4A32534E7164392B664C794E72753837626A3158386C582B7A7565377468365463742F6C4E5151664A567438336B2F726639614F58502B453142463254504B6D7439534D77477032534F51696277565856346478464A31424155576B7179754E6A6974732F57762F4749516257483355382B70674F397A7037537566515272536173775473376F334776554E71725532616F5575744B6B7153616A5233516446495671706F48782F45636F78427874787030747549794F6F4A4251644D6C7566574E4A386E6C5A394B534C56426D5A675331536C6C647453356858393276374236486C754C775935772B71744D54465A7038735771684C6E4C557046493777555062547A53655075316A6D70793263734575762B2B706563636178524D7A307475556B2B4B6A46717064556C4B74494E306E454B2B7A4C517979732B426373583968584E5038497132747A6332492B73646B3949545A49412B366E387A48524B4F49684756693579726B33685654744C7263703531525A76554A53637946662B49685843384E6174687032575A4E556F4C356E715771354C7A57726A66374B6B385244436B596A6E4B644C716C6C4645314945392B586D45356B452F733876434A756B31716A7354506253547339525A6B6A764A6239637A3470342F7869456C4F4C756C2B7971635A5A4D6E38414D2B6C366370444652544C504E5A65306C2B77516F6F734C425362387878504F49627969794E566B35687469597954556D36416C6C546249536F6B456E4C596344633336785A615655634F716E455471716A494D7A592F766D41706E7465595567693064735134746B6C70576955724D6B7768503934687454797870747059474F4E546D717431484C2F48364F68786936646D2F4D5A304B75546547634D67596B554134422B6A4D5839615538694E68373471447A632F6975625855716B744D70546D2B43334E4549484A49334D664D33566151682F74304D5456556E4362687964565A4E2B655562652B496572566962716968353239366C4F69554947564365695149364B644671546B6C5A7634386C7A4A54714A705262756C316D4F713756326E70644E507069564E55786F334A5031336C66614D517574786F4D7734445A4967317A4451425132325349564353737053674B566D4E6B7048465A6A726A4651566B6337626B377337303655636E35746D575953564B64566C4133505539493051755331505A4C6C78356853553555485A31386A556A33582B4A686C51365535536D67793359316961523331375372573550574944465652616457315470456B796373546C462F7743735875737835383565303146434F6936762F533473366F725978785055684A7039637A4D4C65643157346F7141504D376D4F57784E394E31627136434530737258546458506F4958572B32626C736B52365356736B636836732B5374663575352B39682B73334E427436707143452B5370623575352B3137656C484E54763670725743465A70355435393754326C632B6768526534304156734E6B6944573430476259624A454A706263707634714D4D59665461314E4C5334327053564A55464A4B545A52554E7847745956784A2F5344737A3530334A346D6C305A454F4B2F7135744832463966784845526B6D747A6367486457795279454B68525170436B58536F473641445933356D4A314B616D683454634761546954436A4E6163666D614F7A3570566D72716D615734516B6B2F615165424834526E4D7777374C4F754E544346747253624C7A437876797446356F754D324A78747557784D48437472526D704D614F746E6B6263522F7978697A564B555A7163716C7972537A64586C5037756F794E673832503230622B38583930633671796F76444E5A646462797A6847706E4579696A7966704372536B6F546C4C7A6955582B7743654D57477456476A79543835545771473070706F6C7044796C714471316A544D5479767444707A427969386D59777A56474A7649724F476C71374E344B484334503841744831575A6D71494C69352F4454416E6C6F4B584A767369623333413458367730716B5A79566E77765956516355373878684D4E536B686875675642556D773636347437747339374C41555141625135784D395435656A55316372534A567432655A3757347A58624E78773169436E5A36596D4B4E495531556F55496C43736F4E6A6457593375594B6C4F7A56546C4A43584D736F4A6B3275797A495353567871707536623376342F444F786D4A576157354667616B71504D536A64664B4730536A546557596C556B3935346141446F654D5578315A6364557349513256456B495439567352593662495670366A505535696D71374E35784C6E614C4755497437394963792B46704F55556E307850426179662B6A536F4B317250552F7744506643527178704E3470583366484931776C4F316C5972456A4A54453838475A526C62796C6345704771757035434C76526151696C50424449626D367952336C2F3355714F5A50503859664F4675526B7A6E7955576E323141494D77364F5854385446547132496934775A4F6C4E47566B7A746676756456474A536E553753384D465A6461386C785A52526A527A6C723131636634687254636F793554366134586E3354655A6D64316E6B4F6B552F593636627133563045476D704A30335675726F494E7870337475535248625370527052736A6E6E4E7A64324774397332334A41684E4C634C70766F4E314744533341356468756F77753531313970577736434B4348717A354B312F6D386E376D35394B4F58747436707143452B53722F5A335064334B5053626C682F684E5151724E504B656C68784B54385647463175626B425874485A4935434457353146397A736B63684279736E3771542F4577786763724437715476314D4A7059393754326C632B6768646A63366530726E30454774786F4D32773253494144572F415A687747795244326C31576470626F646B4A6C356B33396B2F585055636F5A6157334B667857594F656F423356736E6F49476B315A676E624E467A597873334D6B43755571576D6C70466C544450716E42346A69666845764B596A70436767533158713867534E4733624F704878422F6A476138745075702F4D77616136366530726E30456338757977656D525A5635493152465A61565A517854494C54777537497075666752484E79734E49557650696556413432596B6B676A787559792F572B7756734E6B69453074774A54734E31474A657852332B5335446530766435766D58326478425238673761627174534A4F69537673306E7746744969706E4672795571627055724C303948744C514D797669663552574E626E5541376E6C3045484B796675702F4D7853505A4B61317A363361434F764E365A48575A6D58707033744A68786272682B726E4E2F457879307365397037523539424270593636627133505151613334444E793251493655725A496B47742B417A41634E6B694453773435547747366A436157334B6468756F777650585864584C6F4941446336362B30726C3045484B772B366E387A4279302B366E387A427059363662712B306551674139562F4A56743833632F596B2F72527935352B71616768666B72582B627566765966724E7A5162657161676857614A394866435064486E3163734E7533612F303444386E664352762B734B376338543237582B6E4242426342666F3859537A412B66567A546836397254393343665233776C61336E396374653539653172372F5677515158415836504745726B2B6631793530763237576E3775452B6A76684C752F703163734E7533612F303449494C67483064384A5750366658626E696533612F3034583650474572672B66317A5157413764725439334242426342506F37595274627A2B755776632B7661312F64777630654D4A584A382F726C7A7066743274506436754343433443665233776A6F5050713559626475312F707748354F2B4569442B734B377278506274612F753449494C674C39486A43567766503635706F5058746166753454364F324572416566317931376E313757767639584242426342666F3859537554352F584C6E667432745033634A3948664358642F5436355962647531622F77434F434343344239486643566A2B6E31335869653361312F64777630654D4A5A722B66317A515748723274503363454546774C3935503847553741744664706C49646D335748583154436C544B3071566D4B55704F71556757736B625151515141662F396B3D);
INSERT INTO `community` VALUES (4, 'Java', '面向对象编程语言', 0x646174613A696D6167652F6A70673B6261736536342C2F396A2F34414151536B5A4A52674142415149414A67416D4141442F327742444141774943516F4A4277774B43516F4E4441774F455230544552415145534D5A477855644B6955734B796B6C4B4367754E4549344C6A452F4D69676F4F6B343650305248536B744B4C54645256314649566B4A4A536B662F327742444151774E445245504553495445794A484D436777523064485230644852306448523064485230644852306448523064485230644852306448523064485230644852306448523064485230644852306448523064485230662F7741415243414357414A59444153494141684542417845422F3851414777414141674D424151454141414141414141414141414141415942424155434177662F784142444541414241774D4242514D47435177434177414141414142414149444241555249515953457A46525157467846434A53675A485246534D794D7A5A43637148424278596B4E564E7A6B724779777548774E4E4A44596D502F7841415A415141444151454241414141414141414141414141414141417751434251482F78414178455141434167454541414D4741776B414141414141414141415149444551515349544554496B454646434D79556145565532457A556E47426B6248423066482F3267414D41774541416845444551412F415071714549514149516841416843684141566C6643446D62536D67655157535163526E635164567053794D6A5958794F4457744753536441456F57656F4E3532796D7545595041675A754D5055637676574A5044534B4B6174385A796653582F4279436C51464B325467684345414345495141495168414168434541434549514149516841416F4B6C636C41426C563679747036476D6450565374696A627A4C76384164565276313870375054627A2F6A4A6E2F4E78446D377650514A496248646470362F656B63586B63687959776479564F7A4843374C744E6F33617438336948314C643476745874424F4B4B6859396C4D35324E33367A2F48334A757346725A616265324851794F3836523365736B2F426579464B485038416A71313764476A6D66634F39554958587661655537386870715074444D74626A70314A574538506E6C6C566B66467278583561313676312F324E6374346F496167514F716F7A4B546A635964342F64795634484B79375659614B324E42696A443566326A68722F6861664A50576655356469676E69484A306F7971646463594B5162704F2F4A324D622B5052593152646171592B6137684E364E586A6B6B62723038374F75686C7A6A6D56472B33306837556E766B6B6563766B653778635375663935724869464875542F65484D484B4D70505A4E4C4838334B39766734713754336970694945754A57392B6839713956694D5330633130386A497056536A726F6174767862734F48796D486D465A796D5A79534E4F4C777A7043684344776C4345494167726B7274636C4148792B3647653662555378507A76506E344C5166716748432B6855644842617266773457674E6A626C78394C435574714B43573133324F3755374E364D794237674F787735707A7036694334554C5A6F58623055724E5058324A4661784A35374F7472624E3956657A356366632B6230636E777A744E473674666C73387662324473432B6D77785277784E6A69614773614D4144735879713655633172756B6B527930736676527548546D436E375A69386937322F4C394B694C7A5A52313645654B7A53384E70396A666164546C5843794879594E705A3932722F4A5967795035312F4C2F774252315768324A557235544E5779765049484138416E546545637A545671796650535042784C6E467A6953346E4A4A357232704B5361726B33596D36446D343867764138394531304E4F326D7057527447754D6B39536C786A75664A66714C76436A78325534624A54734134726E79487877463747305557506D6A2F455666436C4E326F3572757366715974545A4745453030686166526471437361574A3855685A4B3074634F594B636C6C58366D4436626A675966487A377773796773634646476F6C75555A636F776F70487853746B6A6357754849706E743957327270684A6F4844523765685373567057435573725852354F4A47357833685967384D6F3156616C4464366F596768514F5345383552306F7967727A6D6B4D63543541307533576C324232344341364F38714850613335546733784F4638337557315636715A43316F386A6A7A71794835575074482F4141765368716243346953355674664A4A7A4C584D6342345A31797176645A714F57522B397763734966366D6E6871366430557A524A473861684C39425431477A3178386E4A4D6C7571582B6137396D347233683272734555545932565261316F7741596E6535512F624378487A545550634F667A4C6A2B4351364A74355557575131634978635731682B6847324E4442505A35617034445A595735613772334B6C73445253777756465849433053346130654334756D306C6B75496A6A6C64575069592F6563786B4A472F6A6C6E4B3942746E52527874696F37645575413061303772422F4E654C53324F653741373852726A707642335A7A3968735049704C717034594A6E6961566A4476486D64656132724E654B36357A41757470706F423964306D386635425A6C3874564F4C684A4C4A467643585548564C73686A35686D69735462322B7058696D6A6C77364B5272774E664E4F553577764434574F4849744258797934512F426462484C54504944746366676E577A335551784D6A6E7A77794D74506F39793853556566715031455859754F304D5155727A5A493137513568446D6E6B5156316C624F63644B6C646942625A73397263443271336C5A462F71514932553754357838342B4859764A63495A5648644E4A4748324B395A476B334E703946726956527974327755323543366F63446D545276676B515757645455795561332B7072446B6853454B673434465268536841464F6F747442555A4D394A433839704C4E556D7831327A64526470715361695A545537636A6A506534623768706F4279436654795374664E6E624B306D6F714B6B55686B4F4D4F49494A5051485655557A5362556D2F3545313848684F4B523079683255654275547748702B6B663558714C56737931322F76775A48576F2F7741724A647345375178315554683374634E467A2B594D6E37614C2B4A337554764A2B5978487850793061356A325470786B766F686A58575465554E326732597070477469664343546A4C49644236384C4D6A3243634D47577169476D7536776C583662596D334D50786B386B754F786F4466657376776657545A70654E365253475347574B614A736B4432766A6479633035425762744258572B6B6F694B312F6E48566B624E586B397756326C6F49614B6A386D704D7873414F4E633450565A384F7A644379633146535A4B71556E4A644B645059706B6F5A35364B38324A4C62324A4D644856584F71465A55526C6C4F4468756D6748547857324D5A43334B323651784D34464C477954476879504E48713756696E4A63546A556E6B4170375A4A766A6F374F6D3337637A585031505343716E706E5A686B4C65376D505974576D76674F47314D654436544F587357624A513155635965364632434D36444F465837634C43636B626C5856614D4E56643447513568496B65526F4F77654B774A5A487A534F6B6C4F38357879536F5872537A4E676E443377746C4137486469484A793743756C564A754B79797A6262592B70634A4A5157784432755447316F6141414D414441437130646642567477773772687A59656175417030556B75446D587A6E4F586D4149556F57684A795371467776567674783361717159312F6F413564374176573678314D74737149364B517831446D455275484D4875587A50344B753142563854795A78666E58695237346434357A6C55555578737A756543572B3656654D4965716261656B7136687355454653344F646A663465675868745A594A4C77794B574277347349494453635A42574E54625833476C59475432326D6330667338782F6372624E756D2F77446B74636F776345746B42776D2B445A435736432B34767871357832325037432F4C62722F51484448316B59486F76646A376975445862516A65486C74623576507A334A704733564A3965677177656733542B4B42747A627A796F716F39664E487654743976725754374B7653786F564246667176475A6132514F367665567132625A2B2F775469614361576C4A314A4C73412B4931797458382B71584F47322B7150543549584232357A3831613544726A7A705146354B567A5746424931474E4D586C7A6247316D38493268354264676278366C59643575446E504E4E4337445238733965355A5474724C744F7878703755786F7838707A6E4F783741736C306C306B4264504E465374504D6E4454392B7135316C636F384D37656963624876783061676530756330455A626F514F784D466F743469594A3532356B63504E422B7150656B2B33564E4E54544D69674C36325A3778766276316A34723649774864475267343148524C6A44484A527162382B52453456656F6F61616F48787354536653476839717368433367685461364D47727372325A64544F3378364C756671575535726D6B746543434E43434D4A7949564336554C4B6D4576614D537347576B647663557555463646744F716B6E695974744C6D75446D6B676A6B52324A68744E774E557A687A4563566F352B6B4F71586C3651537567714753744F4330353958616C786C686C643153736A2B6F344135516F61636A494F69465163596B7249326E72616933574F61717048426B725330416C75514D7541354C584B777474766F785566615A2F55466D62784673647034715630552B736F79646D7270634C315531564E567A526B4E6979787769626C70797665707356367765485052546A504B536E5A2F3157622B543739625650376A2B344A6F76462B6F7251356A4B6E69475237533572574E7A6F764B4C6E47475750396F61534D39553456782F6F59443756665768772B44375A4C726766454E35656F686555646F764557724C50625735353467482F5A65386D336A632F465739784856306D50775874526263557373676257557A3663453433773765415431725631775453396A587857357866324B7074312F4F726262623245646F706D6669563079333756455A612B47456B2F556969622B42545656566A5962664A575274347A47733377476E3551376C69326E61366E7556776A70504A58776D514864633577497A30576E7163504453455130453578636F3577757A4B75466D76336B37704B7936534F5A6E426278546A75304741732B4F78783544707053383977393666376E467862664B30445544493953523632364D6F356845364D764A62765A4277703772705A797A702B7A364534754D6557612B7A64485430317848436A4163574855366C4E6D69536264635752746972334173594E58446E6F724E54747A534D4F4B576C6C6C48704F49626C4C6A597363733166704C5A326644694E75516A4B536D37654466472F62794739754A4E66354A6774312B704C6A52797A30323858524E792B4A326A677478736A4C706B31756B7671575A78344E584B6736716E62363974635A51324A374F4538734F39326E7556696556734D4C70484841614D725A506835774B6334336169526F3542354833727A66386B2B4258546A764F4C6A7A4A79756F6F7A4E4D794A764E37674170753264316557504932302F2F4142343838397766795175326A4141485A6F68556E425A4A5746747439474B6A37545036677430724332322B69395239706E3951574A2F4B796A532F743466785176666B2F77443174552F755037676D6937574F6B7573384D6C53584178416A7A644D6770582F4A2F77447261712F63663342584E724E704B6D6D7133572B337634626D41635351444A7965774A4E625371354F6C717137624E613158773866344E6B624E326C6A4E616654713535536A746261715732314D4C714E336D536735626B4864495244733164376B317338786334753144705A4F772B4B70337179533262686359734A6C7A6A644F65537A5938782B5570306B646C79586A5A66304848593178714E6D4752792B63477564483676394B534B706B6C707654773349645479377A66444F516E62595836504439383738466A6266555844726F617744445A57376A6A336A6B765A707574503643744C4E52316C6C54366C6B6461615A74565378544D31624B774F4872587A432F75624A66716C734F72524A754E54527376643278624B31426C64725267675A36486B6C335A71694E30766A654C6B74475A4A45575333714B587165364B76336164733564524E5A6B4457305967504C63335375725A62725A432F64716F58794472765978366772463967646161643035784A486E4454794F65685373485631796563506534646F4277417374714C364856526438484A53776D4F4E3073466E6D743073314D57736331686330746B7A714279776C7A5975527A646F3451447049787A5844714D5A5651325755526C37397A44526B3971357362334E756B546D75496468326F4F764A654F53334A34774E685131524F472F646B2B7054545255374E3652375741645373433533493158786357524544323833465543533435635354314B6C6A4879504449326C376A32415A4B63357439484B7130306133756B386E4B32374852467636564944714D5267394F714C665A3930746B71774D396A5065746E47693143474F574A314F6F5457794A49516A4345306741724132336342737A4D4D366C374D66784262723342725335784141314A4A354A443277326767754C57555643385351736676506C484A7A687941366A7653375A4A5265533351315473766A74585479542B5437396131522F2B412F71576274585479516252314C6E6767534F456A48656F65354D577756412B436C6E7135576C706D77317552324262397774644A636D427456487659354F4277516C527263713069367A57527031737039726F584B5862694274497756464A4B5A5774414F3452676C59462B753954656E736D6B6745554552777744553639536D356D783173592F4C754B344473794174475779304574434B5067426B514964687568794F396575453552784A6D4961725355324B6463486E2B786E62432F52346676586667724F315646356259706D744758786A665A34685837665177572B6D46505441694D456E5535314B734F61484E4C5861676A42545648793757632B642F783362483635506A3863386B64504C43783249357362343634354A373248747870725936716B62385A5548492B7946622F414455744A4F73556E386132496F6D51784E6A6A4736316F77416C56314F4C79792F572B30495856374B316A4C354637626D6D6B6E737A5878676E6853427A68334A55735631703766784936796D4D30627A6E4C54687A537670736B625A47466A32687A584442423756687A37493279575176614878352B71434350765873363235626F6D4E4C724B3455756D315048364374634C3154314C54446261575670666F58534F7A397756625A716E452B30454D45704C5151374F4F593054356237426237653853517737306A65546E363438464E4C5971436C722F4C49574F4575536337326D764E5A384B546162482F6946554B35563170387273366A737449334751392F693558595949345734696A617764775871464B6F53534F504B63706473357770556F5870674549516744776C4C4A59335276424C584168773667706170646B4B4F4B74664C4D397A3467374C497830364643466C7854374856335756707144786B5A597A484847316A476272576A414147674337347265685168614568785739436A69743646434541484562304B4F4B336F55495141635676516F3472656851684142785739436A69743646434541484662304B4F4B336F55495141635676516F3472656851684142785739436A69743646434541484662304B454951422F2F32513D3D);
INSERT INTO `community` VALUES (5, 'C', '面向过程编程', 0x646174613A696D6167652F6A70673B6261736536342C2F396A2F34414151536B5A4A5267414241514541534142494141442F3277424441416346425159464241634742675949427763494378494C43776F4B43785950454130534768596247686B5747526763494367694842346D4868675A497A416B4A696F724C533474477949794E5445734E5367734C537A2F32774244415163494341734A4378554C4378557348526B644C4377734C4377734C4377734C4377734C4377734C4377734C4377734C4377734C4377734C4377734C4377734C4377734C4377734C4377734C4377734C4377734C437A2F7741415243414234414867444153494141684542417845422F3851414841414141515542415145414141414141414141414141414241414442515948416745492F385141505241414167454441674D454341514641516B41414141414151494441415152425345534D554547453146684643497963594752776445486F62487746534E436B7546694A43557A4E454E5355334B792F3851414751454241514542415145414141414141414141414141414151414342414D462F3851414868454241514542414149434177414141414141414141414141455241674D78495349795157482F3267414D41774541416845444551412F414B75494A526139365038416835787A3631594E4A554E70716746686E4F646A2B58536F434A446B697244704B4662494175324D2B504B747875436C56434D6A42776474714B74786C63673448506261754959773369446A70524D63544B6F4371546A6249476356706F386C6E332B7933434942304A78697568415938715A556E782F554D6E476650725458646B465177423637346F6949355A6B552B313531493071715A4F4A665755387A6E725858427846515467746E427A3836664558444B6F434173546A49396B6E777A586B6B4C577055506E6A4277636E49334766705567306B676A62457A674E35637630706D3855455268794D6B376A722B2B6453776E52452F77435452776473734E75584F6F2B3649534C3178673578735033745567453271335A6761416C5347324A78766971376434616431473442716563384D68566644414A486C554A4B654F346B5A674E3250756F6F726B5863306C74485A4152496E463766446876696147564A453476574B6A472B4F52393953466A414A4C324D6349497A6E46655332676A755A6C43386963444F4451444E706447334A4A586934747475644B6A744D307336687143515A345649346D4933774B564F45356361453171464C41715738616B64507332466956624A4F636A72745274767064377154686C5353545039626E31523854552F623648446171723668637273505A5862392F4B6F347230635156742F745255554B6C67546E413335632F3841465430656F3664616E67744C4E66414F342F5A71517635576251486C755930346E77454147514D386A536C505A41726368747A7A7A393165595145456864762B34636A394B5067737A657A787871654A6E63445941344832717836746F31724A5953656952494A3755444941356A6E672F726D704B65576C6B632F792B523249666E76797838427A7272755A6546574A5A43764A69526B3763366634424836724D42766B6B376E66342B5078716230765362533573765372795659304445455A49332B4E535131727039786379464934652B4A7A3467447A3659356E72584774365A63615A48477372714F4D5A486437387341352B645858544C6D3065346131736F5373534A784D35474354746A6E7634382F437156326B75704C2B3737365432463956423041507733715376546C48666751634C676E4A50326F4B79307954556E6B574A6F7736376B4F33446B65564F744F686C417A6765413239314E61565A74716D73513255662F56664250674F702B564170375372615830316C684562737552367A44487A6F79395377696C43583173795849484558686249506E3736742B766142416C716B396C424646364F70566769344A42782B6E31717058466D626D35696955417335345274317A5368335A36424C5053726E5535464956736850486848334E4B752B316C776D6D61645A3662446A41777A4479484C356E394B565772566F30755757573468685534685345456A484D34464158567633747A4933434348596E6B4D37314D614E4756686D6C33626858685837555A613666445A78436135414C6377766E55555A70326A4255394A764E6F553343735061383656354E4C7148486B464967366852344466656A626D6553366631746C484A527946634A44754D2B4E52653646703453356B756E47566A556E6950516E2F41426D6A4E4B655334765A6C6C77556C556E47505037555771656A6150674431356A2B2F79702F54374430646C6D6D626759374B76766F4370586D6C7A573550476A496A456F474F634848306F593252574D677275655A79546B2F48335662645956354A53723768546852346266352F4B6F72755166436E5338304F427258544C366467426C63413436674837697156716E656C5A4E6D4C41626E6B5274352B2F4E614C4A4349657A5471426A766D2B76324656472F735379746759794F766A51735A33726D7061646157676B61466B7557396C5562494A366E33554232582F41424158732F716A3363756D4335446A67326C3453674A337874756172477233625875707A7973547738524367394642326F4768687566594C74577575367071454D7A6C6C76435A6B5275616E6B562F74782F62557670576B6D4C5770336B39693179467A6A6D65522B57395952326531716651646374722B4137784F43793947485556394636336338485A39356B5475354C6C414D4847526B623539777A53597A6A7448666A564E516B6C5144684234563235714F564B7570625265484141774F564B70574E4D307957533130647069764553325150796F2B5A6E75744A6A6C487441676E394451386745576A524A346748362F5769394B595457636B42783566477070477172687362305842413873694B6335596762317A374C45456267373149615576655859593738414A337153536D376D4256646878474D5952616A5A4C68354A316B632B79636759324663545339374F3734507248623356344D63747149426D71706C31494751347A6D6F37752F325455733546787069482B714C592F70586B4E69735945317933416F33433061672B7252384E706277446268475430387676564E312B5932746E4D56594267684335366E702B654B765678716142754B4B414D655845334F7131326B446135705A7470555253546E69586D4E756870686A35666C42456A5A472B61614E615A3272374D36506F476C7A5830775A705A5834596B4459346D38764C71617A544F4742774437366D4C4D4F5774725065336356746278744A4E4B345246555A4A4A4F41506D613337575463533349737733484461524C4478645759415A5037384B726E34573631707730792B6C4E6E6252366C434652436B616A4F632B742B572F38416D724C48764953322F467A4E4D616B5156764743434833493270556465393362755345424F6338365652544F6F646F6F334D63634F536751456A48694D2F70696C70766158306535526A476541374E37715A476D573753426876367172386742394B4C74394F743159656F4453684E33714C53616A4C335950426E6E6A35303762585533665A5469413454767936476E565243356268414A35305247696A63436F755935704376726D69456B794F52727055412F707078514D6241483430496F3557455567355A78743431314E4E4C4D344C4D57774D623179414F7078534F326355427732636556526D6F58435277737A734656526B73656771526D7A77657161792F385374666D7437535853494A6F306C6C6A4D6B764577425650416562637365464A394D353758396F354F304F737954416B57305A4B774B64734C346E7A4E56386D765361354E447A5357686168633662716B64786175466B475267386D474F523939614E702F61357275496C5543746A7165523669736F6A646B6B55706E694232783431626F326973346F377858525A5367394A67615144692F7744587A46526C7164764E626D756935343141427742314E4B6D394E62544C746538526C6C5538736E47506653714F566F3863366759326F754B645267354655633673377A434F4C69632B4136552F656176653246693037514F5655553631384C796C79766A524D5630704F433231597133346A5867507178714B5558346A586E45786451527932326F30624735656B7834352B5663692F6844594C446E34316D4F6D64716E314A634B2F4D626A504B695A745775496E5643547A334A4F426E70747561567361464A71634B4848466E3430792B7377686368674D6565616F463372556E644933587235666D667056583172745A4E424D5934584F66507055746A58626A5846534979484A483631685062725644716E6171386E3469564843693536414B50726D755A4F316C3630446A76477A6E78322B56562B346E61655635474F37484A6F46756D5361354E656D75545179397A696C6D754D306964716B6C644376446133724174685858387853714B56694742427853714B78576573646F7A3639724C63506E716B416236555A4C726E6242346D535753394B4559496131322F2B61753269365A4E70746E62524F6D434276696964646D6B54534A437245454878726C36382F5575574E7A6E2B73716C7664516859435974475475413841483070762B4A5857446D635950502B5776327178362F5A7A366E6361664843706432544644743248314A62536551384934443750467A72303538334F5333345A764E526C7272476F776E2F414765365A542F706A48326F7A2B4F612B374276535A79773545514450365635704F6A586476464E4D38575551594A493272512F772F7372652B7435486B4B74774E69765764626668597A6D6258395A6A62686B7533557274686F5642475068514D757058637263556B344A3834312B3161502B4D455563636D6C72454E75376C356643717072304D543662706B6B494B794331514F56362B714B31566976472B6E2F38712F324437554C4953376C695153642F436E576C6D334865763836625A6E7975574C452B5053686B303278776134727555356B623330336D7050655A774B383637375636703457423844567730547367646231614876565A4C5467456B6A5A3567386750665672556C7670586445302B58556453534F4F54752B4546692F4478592B464B74476145364E714A3079355A63595830613443385045414777726636742F694B56616B43303346326B636944596731534F3158617532537A6C74594D744C785950674B564B73655869645A6F6E563052324775446432596D6B3364587743656C576936662F6439313861564B766C2B536665756A6E303830437A533930433468645277754342387144374836524E705458616955354C2B4F6471564B756E6A36795A2B324C624F6F443762385538316F4A6A6B717367487946512B684E484D5A3472684F4A503466675A386372537056317A3075767A552B2B676B743569755855453871616A6A64334A637477675A4A4E4B6C54474F356C5237484C477563307156544C7A4E62502B483979622F7372626D4F564665416D4A77557A7935646644464B6C54505A6C4F6139463339334E426451695247566430507633785370557130582F3256537252662F5A44516F7744516F4E43673D3D);
INSERT INTO `community` VALUES (6, 'C++', '', 0x646174613A696D6167652F6A70673B6261736536342C2F396A2F34414151536B5A4A5267414241514541534142494141442F3277424441415945425159464241594742515948427759494368414B43676B4A4368514F44777751467851594742635546685961485355664768736A48425957494377674979596E4B536F70475238744D43306F4D43556F4B536A2F327742444151634842776F4943684D4B43684D6F476859614B43676F4B43676F4B43676F4B43676F4B43676F4B43676F4B43676F4B43676F4B43676F4B43676F4B43676F4B43676F4B43676F4B43676F4B43676F4B43676F4B436A2F7741415243414357414A59444153494141684542417845422F38514148414141415151444151414141414141414141414141414141414D4542515942416767482F3851415068414141514D44416751434267594A42414D41414141414151414341775146455159684278497855524E4246434A43595947524342556A55714778466863794D7A5278637348524A464E696B6D4F7930762F4541426F4241414D424151454241414141414141414141414141414143417745454251622F7841416E45514143416749434167494242414D41414141414141414141514952417849684D55465242434A78453247426F63485238662F61414177444151414345514D5241443841364759306E4B546E69794538676A4A573734736E6F756A626B35396543484E4F556E4A4433436E42546A473454656F6837344838307979474F4646617159696334435A76674F4F6973636B4D54636C7A322F4E4E4A5855752F77426F31576A6B4A75466C65664552354A475268374B6465326E646E456A666D6D3771614E326350596669725279453345674A476B65536279782B6173456C466B45675A556655553561447371786E5A4B5553456B626B6C497543657A78344B61766231563473697871384A4D684C76473654654E6C51526A642F55707539766B6E4C68756B587433544A694E44647A466F574A636A4B776468684D6D59304E75564363466F417A356C43617A4E5470476E6939586F74617161436A6A4D745449316A414D6E4A54485564396F395057795771725A57736178704F35584A66457A696A6374567A7A5255737A365730744A3648426B48632B35664E5973547976396A334D6D574F4E5635506164623862724A5A444A54304468575644646949397750356C65546E69707272575655366E307261704A6D6B347A47334948784B6238467545732B754A7864373631395059496E665A78485A31516535393356645657363130466A6F57556470704971576E6A4747736A6268624B55592F5847763542516C4C37546638484F455767754C6430416B71376E4251744F2F4B3578795077575A654533454D4E7A2B6C464F3533626E502F7741726F696F653435334B59794632664E4D74764C4D3458534F627133515846573374632B4B6F62584E472F77426B383550344B72316572645936656E4556366971714E34327A4D3331543856316B587542366C4E376854556C31705855747A705971756E634D4F6A6C626B4B71636C35736D3478666735747476465738516C7270673261502F41496E7176544F466571717A576C73756C5A58524E6A68686C384F426F363432362F4E656363594F4737644876463573584F36787A4F355A59547634446A2F625A586E364E6C50346E44366F63334758314C747A2F53452B36644E63435267316475793156555872464D5A57414254646643574F494F446A736F755A6D363749537335357849357A556D397164794E534C6771706B6D686F344A435275366476472F52495061634A304B2B68735275734E472B365677745431325457494A50616339454A52784A415174545931464F343161336E314E664A4B4743552B67514F39594E4F7A336634364B6E364730334A724C577475734D5766416366467153504B4E7047523873714B64367A7934376B376B6E7A5875333052624D3257652B33325A75586C3467686432414C6766374C79506B4E597357714F3334362F567937507764463279333039737474505130636259344947426A4774474E67466D614D656164486F5530714D727A6F73394A6A43654E752F524D4A6741436E6451586271506E4C7346644555526251316B50564E7953743558464E334F504E6A6458534A434F6F364747386157757442554E4434355948444237393151666F3477426E4475526A3363735971336A6D4838677652532F6B424474327547434F3454476D70364F325549704C5A41326E707338336874365A376F307438426442644978484A396E6B78455A795645536B456B71516B6B4A5935726A6B48756D456A4D374C717871757A6E6E794D3374486D556A49426A5A4F33514F493243617A4D63335971795A4753476A74696B4A446C4C7636704D674657524A6A596A425768547773356C6E30556B5A7769364D72304D43306F54703052423649573744616E50636835593375374E50354C7176364B4E4949654663552F747A31557269666975557076334575507548386C3176394635375477676F4D6555306750344C782F6D2B44762B4658325A36792F4F4578715A7733504D6C354B686F4F35776F32756C59397044646A3358484350733635533944656F6D42364A68504A6E4B5371704F547A796D636B33765858474A7A743262534F4F64306C3651574277614276356E716B487A5A7A6B7042386D5273724B4A4E79614E355A423546495A7A75656954652F48586F74524A6B59425645684E724D7948644A73627A50414B555A47353537707A484279376B4C626F784C6D79443152714F326157676966644F624575417A6C48556B34776C366C725A615747646A634E6D6A456A5232424756357A3949762B43733265766A4D782F7742677654715A6F66614B414872364E482B5357456D7030624B4B63624B394B4D4F546432664A545531455354736B42514575364C735530636A69784768694C33446D53463331486137526336613256584D61796F65475273486E6B5A7970756D70784631586B33456A4836334E4E6E7A385676354C6E797A66614C3434713650544C68542B464C6A43464B5663596B6C507551724B584174484B5247515739786864482F52507559666F693432336D79366B716E4F7832446966384C6E447A586F66306674524E302F78454E4A4F2F6B6F377248345753634153445A763475584638714730552F52583473395A4E657A7169726E334F54736D44366E75566D34754C4334646C4354546B453771554957644570636A32706C61377A55664B38446F6B587A3553456B7579764746456E4932664A3730695A456C492F4B534C6C56526F6D35437A354D68614E6475744E7955467047365A4373633130315648614B6D53325269577661334D555A396F396C522F306A34692B317043505038415756636D56426A4F3279645131686563456C536E6A625A53453065483855723566717532306B5771644F4E6F33654B31304572586B354F52737264543668312B4B4B6C3850534D5A694554524765633774787355772B6B4D346D67732B663841655A2F3742656E30737668326D674A4A2F686F2F79555642755657506171364B66702B3536777546397032337579747474736144346A676338782B4B6D7455564E306F37594A624252697472412F65456E4757707A4E584F79526E5A49437563303746644D63545371794570707579702F70467237714E49522F384163716A3678765633714E59324F53353664464E65597041596F67386B536E794339777071727864736E4B386D346B6B2F72613030662F4B3366344B4D3862697579734A4A766F73556D6F3966463535744952672F316C43763162507954486D4B452F365439737A64656B637079775646465731464263496E5131314D376B6C6A6431425363764F43795342355A55524F456B5478374C6830585266477268794E56522F587468445758324276326A42734B686F2F7631584F4D636A76466B686E6A644256524F4C5A49586A4261516C7835564E617937457959336A6538656A7176686E725348576D6D474F65344E75744B3052314D52366E47776350646A487A556E5767744A584B756E37785861657645567A7455706A6E5A2B303350717648596864476151317062645855625377747037674239705475506E376C7168702B42743150386A783779436B7A4A6B4A395555726754736D6A6F4862374B7961596A74434A666E7574657043554D4475785338464D3437754332304C7978576A6735794D394648577138303133756C336F4B614E7A58573177593935364F4F33543571576E6C6A6F614765706D63475151734C6E764F77436F584271563962614C3365586A4870395934744A2B364131516C50374A49716F3147797A5650716B6F707063454C57726436785464727362727053495854472B74644B5575736D5549724B32536D6253754477474450506A7675706D706B62465377774D4F577778694D4875414D4A694B676764556C4C4B3534367059346B6E597A7957714533754A636B3835577930505658534A7364556378592F64526437306852586E564E4666703632526B6C495157514162456A3470794351556F4A694231553534315073614533486F665843723853586D516F747A2B596F54714B526A5A666F367373646B48425650312F6F437A6130616167346F627342367458474D63333958645454705374573144676571346E69544F705A4B4F636455614C314A70575277754643367370416656716163637749376B444A554862376F6157704574504D364B5668364F79302F69757449363868705934387A443161647766676F4B38615230726643353177744650346A766269614748384169736B654F7861684C6E6F3839307878586644477947364878576A594F4A7A2B53763176317A593631676361714B4D6E794B713958775730784D536153737261585051423563464653384371484A4D4E3971415065772F355374793947704C32656B4F315859576A4C726A4150696F71353853744C3235684C7168395538445A6B51786E3568557076416D6A7A39706670795063772F3555685338454E50526678467A725A6534424C632F69732B7A4770653055586952784A726455774F6F3663436C6F4473796C694F585348333458736E44793350736644323030557A655755782B4938487143556E5A64436154734C32793064745A4C554D33624A4F512F667675464D566C535A4F6E52504447323761456E4E6130686C5550793870456C6250334F566F56324A485032616E73734C4A574D65396159475230577078354C4A47466F5163624C544C4E543157705764316A47363077315173674952794D4F6672716648377469304E326D50734E5565684C716A4E6D502F725762376A566B58616344396C716A30493151577953463571423061315A2B75366E3772666D6F78594A41366B42477139473279552B75716A3772666D7347383142396C71692B59647838316E49486D4D6F31586F4C592F64645A6A374957707545703674435A4567645341743449354B69646B4D4465655635774768464A636862597636624A39304C44717435396B4B576730784A55534F7034626A535072514D2B4233505948706C51636B556B645136435268624D313349576E756C6A4F4D756D61347958597236572F7345656C7638417568504C6C59713232322B4B74712F4445557275566F6134452F676F784E47536B72697A48467268697871586E79434455753742496F576D43766A75374259385A33594A4E43304254786E49536145414345495159434549514146546D6A496266575868744463345045624F4D5275427868335A515A57304D736C50555254776B69574A7763306A756B6E48614C534867395A4A7374326D72565333437576564C5757384E6D704134782B74675A412F5A364B49704252786161726132746F515A784B596F66577868325344356557796B7278715341336968726256366D586953727837524F784879556672533430647772577374497851676D51744874506431584C4254636C74302F36722F5A61577158486A2F49377564505157466C74684E423959507132654A4A4D547476374C646A332F4141536D6F54533663756A4B6532307A512F7765597975646C7735675267396C4C564652515177554D44376D4C644D32494673453062586547652B546B3739666971395757566B5678677162766332793232714A50706A4E2B59396B754F5675352F763735476D7156522F344E7448554436693977565177796D70482B4C4E554F32417763347A334F456A7153766A756439726179416373543359626A7A774D5A5669754173565A464653775834556C417A4138474E6F39623375505571723352744D4C6A4A46516E2F534E7731736E66626371324F5738396D76424F61316A71695A725334384F7263584F63342B6B4864787A354256774B7A565437592F53644E6247584E687149586D51376248626F7179504E4E68366635597558746667454951726B6751684341424345494E42434549414549516741516843774447466B416767744F484E4F51657851684145705661676F71743748335732525646553042706C47334D42307A756B4C6A644A4C68424241324E6B4E46422B36675A3062373049534C48474C3458517A6E4A396A48413742414779454B676F592F6B736F5173414549517441454951674151684341502F32513D3D);
INSERT INTO `community` VALUES (7, 'Python', '人工智能、机器算法', NULL);

-- ----------------------------
-- Table structure for invitation
-- ----------------------------
DROP TABLE IF EXISTS `invitation`;
CREATE TABLE `invitation`  (
  `id` int NOT NULL AUTO_INCREMENT,
  `community_id` int NOT NULL,
  `user_id` int NOT NULL,
  `title` varchar(50) CHARACTER SET utf8 COLLATE utf8_general_ci NOT NULL,
  `time` datetime(0) NOT NULL,
  `content` text CHARACTER SET utf8 COLLATE utf8_general_ci NOT NULL,
  PRIMARY KEY (`id`) USING BTREE
) ENGINE = InnoDB AUTO_INCREMENT = 20 CHARACTER SET = utf8 COLLATE = utf8_general_ci ROW_FORMAT = Dynamic;

-- ----------------------------
-- Records of invitation
-- ----------------------------
INSERT INTO `invitation` VALUES (1, 1, 1, '艾克森入籍中国会给中国带来什么改变？', '2019-08-17 16:37:54', '');
INSERT INTO `invitation` VALUES (2, 1, 1, '足球为什么是世界第一运动？', '2019-08-17 16:38:35', '');
INSERT INTO `invitation` VALUES (3, 2, 1, 'c罗', '2019-08-17 16:44:57', '');
INSERT INTO `invitation` VALUES (4, 2, 1, '梅西', '2019-08-17 16:46:24', '');
INSERT INTO `invitation` VALUES (5, 2, 1, '内马尔是否是巴萨目前必须买下的', '2019-11-01 16:46:38', '');
INSERT INTO `invitation` VALUES (6, 3, 1, '如何看待VAR', '2019-08-18 21:43:52', '');
INSERT INTO `invitation` VALUES (7, 4, 1, 'Java是世界上最好的语言', '2019-08-18 21:44:36', '');
INSERT INTO `invitation` VALUES (8, 4, 5, 'Java零基础个人学习路线总结', '2019-08-20 00:00:00', '');
INSERT INTO `invitation` VALUES (9, 5, 2, '测试标题', '2019-08-23 02:57:28', '');
INSERT INTO `invitation` VALUES (10, 3, 5, '新赛季看曼城什么？', '2019-08-23 03:01:30', '');
INSERT INTO `invitation` VALUES (11, 5, 2, '测试标题', '2019-08-23 03:30:33', '');
INSERT INTO `invitation` VALUES (12, 6, 5, 'C++', '2019-08-23 07:51:10', '<p>C++</p>');
INSERT INTO `invitation` VALUES (13, 1, 1, '111', '2020-10-09 05:16:11', '<table border=\"0\" width=\"100%\" cellpadding=\"0\" cellspacing=\"0\"><tbody><tr><th>x&nbsp;</th><th>x&nbsp;</th><th>&nbsp;</th><th>&nbsp;</th><th>&nbsp;</th></tr><tr><td>&nbsp;x</td><td>&nbsp;</td><td>&nbsp;</td><td>&nbsp;</td><td>&nbsp;</td></tr><tr><td>&nbsp;x</td><td>&nbsp;</td><td>&nbsp;</td><td>&nbsp;</td><td>&nbsp;</td></tr><tr><td>&nbsp;x</td><td>&nbsp;</td><td>&nbsp;</td><td>&nbsp;</td><td>&nbsp;</td></tr><tr><td>&nbsp;x</td><td>&nbsp;</td><td>&nbsp;</td><td>&nbsp;</td><td>&nbsp;</td></tr></tbody></table><p>xx<span style=\"font-weight: bold;\">xwsxwxwxwxw</span></p>');
INSERT INTO `invitation` VALUES (14, 1, 1, '111', '2020-10-18 11:36:30', '<p>111</p>');
INSERT INTO `invitation` VALUES (15, 1, 1, '222', '2020-10-18 11:36:36', '<p>222</p>');
INSERT INTO `invitation` VALUES (16, 1, 1, '333', '2020-10-18 11:36:41', '<p>333</p>');
INSERT INTO `invitation` VALUES (17, 1, 1, '888', '2020-10-31 15:15:21', '<p>8888</p>');
INSERT INTO `invitation` VALUES (18, 1, 1, '1', '2020-10-31 15:50:09', '<p>1</p>');
INSERT INTO `invitation` VALUES (19, 1, 1, 'axa', '2020-11-05 06:48:46', '<p>AxaXxxAX</p><p>ajsdckjhsabc&nbsp;</p><p>dcvsdknlc</p>');

-- ----------------------------
-- Table structure for notice
-- ----------------------------
DROP TABLE IF EXISTS `notice`;
CREATE TABLE `notice`  (
  `id` int NOT NULL AUTO_INCREMENT,
  `recipient_id` int NOT NULL,
  `comment_id` int NOT NULL,
  `status` int NOT NULL DEFAULT 0 COMMENT '0-未读，1-已读',
  PRIMARY KEY (`id`) USING BTREE
) ENGINE = InnoDB AUTO_INCREMENT = 9 CHARACTER SET = utf8 COLLATE = utf8_general_ci ROW_FORMAT = Dynamic;

-- ----------------------------
-- Records of notice
-- ----------------------------
INSERT INTO `notice` VALUES (1, 1, 23, 1);
INSERT INTO `notice` VALUES (2, 1, 24, 1);
INSERT INTO `notice` VALUES (3, 1, 25, 0);
INSERT INTO `notice` VALUES (4, 1, 26, 0);
INSERT INTO `notice` VALUES (5, 1, 27, 0);
INSERT INTO `notice` VALUES (6, 1, 28, 0);
INSERT INTO `notice` VALUES (7, 1, 29, 0);
INSERT INTO `notice` VALUES (8, 1, 30, 0);

-- ----------------------------
-- Table structure for user
-- ----------------------------
DROP TABLE IF EXISTS `user`;
CREATE TABLE `user`  (
  `id` int NOT NULL AUTO_INCREMENT,
  `username` varchar(20) CHARACTER SET utf8 COLLATE utf8_general_ci NOT NULL,
  `password` varchar(16) CHARACTER SET utf8 COLLATE utf8_general_ci NOT NULL,
  `birthday` date NOT NULL,
  `email` varchar(32) CHARACTER SET utf8 COLLATE utf8_general_ci NOT NULL,
  `tel_number` varchar(15) CHARACTER SET utf8 COLLATE utf8_general_ci NOT NULL,
  `avatar` blob NOT NULL,
  PRIMARY KEY (`id`) USING BTREE
) ENGINE = InnoDB AUTO_INCREMENT = 6 CHARACTER SET = utf8 COLLATE = utf8_general_ci ROW_FORMAT = Dynamic;

-- ----------------------------
-- Records of user
-- ----------------------------
INSERT INTO `user` VALUES (1, 'Leo', '340', '2019-08-20', 'com', '111', 0x646174613A696D6167652F706E673B6261736536342C6956424F5277304B47676F414141414E5355684555674141414867414141423443415941414141355A4462534141414141584E5352304941727334633651414143434A4A52454655654148746E556C764645635578312F503572487837764579336F334232457A436B6F55547078777338543234354D6F4879533369777665493541504B67524D4B456B53786B4A416945745A674449463441444D77544F7266304E484D5A4C6161377172713137776E6A516233644E64373966393131617671726D343861724A7231322B5771705871526256357530613054465162627470462F6F7956416C375A4937716E5174704A35394A587A703837733173666E7672746F2B3375377562322F7A373867547A36766C617270594C743873314841632F7A506C434E4C68636D3870644B705649466B66754166626776446E3953594C2F6A5578324A744A304343765456776E6A2B416944374C525574562B43326B3476666472443065324D567575666E3348665658365662356765795538546F7274505A394B6B4D426C51316B707A625353794F76364842676932363647324F465A435965314A674F2F56784B7454547A7249544D775841567256676D65637934365952626D335948305672484347374D6C4E4141444D4470687575414E5A566A4E6E2B4170675A4D4E31774262437559737A324638444D674F6D474B34423146574F327677426D426B7733584147737178697A2F5155774D324336345170675863575937532B416D5148544456634136797247624838427A41795962726743574663785A76746E6D4D57724865376F7944415670735A705A48694963726B73446167503747336C48565855353644386D7661667661422F447372615A584D34494A47413159497A57707966555A395A48326F7245454F4461526F617A4E5034324167744C637A3673423838656B49504875325257732F553668435732784948474B31316657324A38674D354C53426F3355645846326D2B4F454F2F3337337674327174416D4B3663364A79384F7279504A5532313758683172504269594579554659534C444741747A62576147577047426B546C49557975567369414B4F317A557850527334435A584A7679657742492B644732584B627A784B55445239636A5456676A4A59786F444A743841466648493031594579466445664C2F554343442F6A69614D77427A31725448484E716A7359574D4B355159653571792B414C50726B5A57384175426A3475664959396F6467437872566C322B62435A396736736756737333734F524862684D2F4464377A6462774D46646F583472337339784C6E7A32453266394D5777423131664331723835336D526943786A3363323162355A31396E32487279425977627462624E68632B773961524C574373784C4274422B5658746C3247397363574D4A625A324C62395A79397475777A746A793167724B477932575843463864315732774234395447476970625A744E586C485669446E695044742F363739794D5570502F6C51556657497A4830566744787570484C4A417A626644426461556C61384141693848576E2F636647324F4D736C304D364B4B7145487641454F4B506534396F372B6E7A71445435727879556962493557794941413844744F33636A62636C6F755369547579567134547461572F6E5636373457766763674D61424B30734C33524145474A4F544C5A383966646E31304A51416166474F654B342B75424772452F42736A337673506E2F67666566677335724443686F657254787976514957746433423859675A5A5159586B753145424164796F522B4C2B4573434A513970594962614155796D50356D594C3950575A4C5A6F59483232735659522F4451336C4B5A314F5231696933614C59545A4F77736E47684F45334632576E4B5A6A2B4776376D78536A6475336F3738396946386E66356967314A656968342B33764F6E55652F66562B305343756E4E2B2F6E614C797A655635424B7066796E4350473668565950677231346555433366727354556F37477777455872336749724671744B744250316654724C2B49436D6B55586A5337346D374D6E61586C7872695663414143494B4A2F6C52566E31634F4544585456692B505A736953596E7872417039685A72774A6C4D686A615072394B70306E45617A41393046525069523547505551624B616D666F75723838655977323170634A505575634C62625244616F333448783165704E6D5A365A36316739644E2F4A786D43635163437A4B614A55476D674D707A6B33375055756348326D4A4A65437830574536652B704554363232576652634E687671335270344C77664B364E5851737A546E366C36507462466637414250467962384C6A6D727575642B726439383343727639684944636A4F36374D4A6B2F463731454376416D4E6569425557523133547A6362653832773030596A363565565172705851724D34726659774D59725136446C6C35795879385631386E484F6E6D336B322F345048467368615A69314A4A6A41526744717049362B364F434730446F4E522F72357432672F4662662F6F6D6C52763534545749637A446C6754495751762F42747772726C3433377A627164594D356B306C6262575933474A307A6E674C54556C3657574F32306E5162722B31793864683832346E76326A42635868546E6C50414744486275434C554B6839486C586337515A3661484B4D356A586C3870374C362F63305A34485136526576713761363272446B6652356C334F395668625756426464584F5A435A6E6E6C6558463268413835572F6E5954733562636748357649752B33386F36645957584C33356C6F7A49357432746632302F636A516F482F4C72387475526E37756449335A69454E5636494A36422F586A4A2F7630357332684B526474793358536768666233504A724732574550794166527A30643678596546696573716274544C737736594577685A745467366E4D7A5850774946696A59724C7431774556314F544B4B53354532525972436C372F45614B5951525646615A566748504B3975735832755670784C4F474263574D6A33634F4D2B715363414C7568674A472F54724C6267695847376C624D705A4B2B2B624E2B497341703462465141597A474454624D4747414F724F43397473535836384A464271344E4D61344278357471656639714370754D48476F794E484E45354A4E532B56674748696A524242343961374B617441625A3933546E4F3534507032365031646263474F4D7769757671416B2F42766D3165303741482B394278524567434672594D41447174677A492B33325A765A61384747316C7A466E47584C384779325947763367322F637574327973724C5272414C5741423865766A566245796D3970514C5775756957336D576A635155457348474A33546F51774737314E2B356441427558324B304441657857662B50654262427869643036454D427539546675585141626C39697441774873566E2F6A3367577763596E644F68444162765533376C30414735665972514D4237465A2F343934467348474A33546F51774737314E2B356441427558324B304441657857662B50654262427869643036454D427539546675585141626C396974417758594B37734E5162796255384172712F652F3044317A4471526B6C7771414C62726F485A644269472B6A4375796B30726E304666584D3667656A62715277367771414B64696D7A70383773307331756D7739416E466F5667484646477A3955585268496E394A4562397131714F55626B7342734152542B504D426C30716C536D453866304739354F39483661357459596A6544396942495669434B54796F6756616A5862742B7331537456432B71726476712F3778624A71725A6653314D597A6A795631634676504B6E6D64414F637136666375754F2B526362547054584544596B6D6741414141424A52553545726B4A6767673D3D);
INSERT INTO `user` VALUES (2, '球王梅西', '456', '2019-08-20', 'com', '555', 0x646174613A696D6167652F6A70673B6261736536342C2F396A2F34414151536B5A4A5267414241514541534142494141442F3277424441415945425159464241594742515948427759494368414B43676B4A4368514F44777751467851594742635546685961485355664768736A48425957494377674979596E4B536F70475238744D43306F4D43556F4B536A2F327742444151634842776F4943684D4B43684D6F476859614B43676F4B43676F4B43676F4B43676F4B43676F4B43676F4B43676F4B43676F4B43676F4B43676F4B43676F4B43676F4B43676F4B43676F4B43676F4B43676F4B436A2F7741415243414357414A59444153494141684542417845422F3851414841414141515542415145414141414141414141414141414267414542516349417749422F3851415678414141514D4441674D444251674D4351674C41414141415149444241414645515968427849784530465246434A686359454946794D796B624853307855574744564356704F686F71544230544E535646565859334E317379513355324A306B70576A4A30566B5A594F556C7254683850482F784141624151414341774542415141414141414141414141414141444241454342514147422F2F4541446F52414149424177494542414D4443676341414141414141454341414D454553457842524A4255515954496D4555675A45796366416A4A554A5367714779776448684A6A4D304E565279672F2F61414177444151414345514D52414438417A785370557131356E525571564B724364506F72326D764E65303064524B7450594664414B384A46646B436A4B49466A5053453133516A4858725361514D5A396C6432303064566747614A434B3668723056325A617A335539626A6C53656E536D6B705A6937564D534F37492B466556743441465334696B34474B34764D376E61726D6A67536F71356B664D694C6966425347536834674C47663470475254426163564A766F4A4F53536537656D6A696365756C33544230686B5934316A4661652B755371644C464E31436C6D455A557A69525372305276536F4F49574E71564B6C53634C465370643149646175733665683172716B456E595A4E64344676656C7241516B344E48326E64447576424B336B3869504569744333745871366A614A584633546F376E57413861433838664E51616D344F6D70622B4D4E72507146576E45736C7474796634507456704F446E474166535473505631703071375234353547326B6A472F6D6A507378742B624E4D6E34576A6F7A5A50744D3833467857317072676538414932695A696B7079305236366B5774447964736F487930594A314B325847326B52564F50714F4574745A4B6C48304A7753665A52425A35546B6B744C646A5961563641725967454B79446767353769534F38436F462F5158374B666A36776255626F377350783870573664467955394545314C577252556861765051516E6F6471746D4D6945744365654B3432727649586B666E6F7074455747566F43565A787345724739557138575656394B79614E725764384D63695575356F526262655332744F33786A51507143797167764B546A7A42747A654E62416B516F7A735A5365564A3233474B7058694C70344C626455306B4541375937716977346A38533349326B62764C5957363550377051456C474D67436F31314F4D30525857473748576F4B53635641766A6337553758584267714C68686B5267364B624C327032384E7161755567386453635655712B717055434745615571564B6B59654B707977575236345070415153436643754E6A74786C7670556F656256773651684E513049554541725054392F6F46616470624C67316132776D62655852552B5653334D37616330784874725356764A436E514D3739425847544B766331617A62306F68785438517637465136644D4537396439716D4870533538674D786364676E6453694D425237742F4430653331536B4F47793241562F43722F414979682B796C3772694A71656C644232456D3234646A31314E54415A3354467A6C6F79356458584D3965566B72413948787468584A6E51467A437955334253547563396D50703161614156414166494B364B69756B5A536B6A316E465A77717A522B4845484C44704E6D3077326B344472726A61564F4C4B636C7857636B6E784155426764427944472B56456B6A744F7437454B7A34387453454A68365262314D6C5937566C664D6E66626C5055666D7A5873516E4E2B5A304539784E4546596B596C545145344E4C554E2B63447879635971536954317464526B413745623033524463486D70374C31376A39396656784A41484D6C4255453963484F616734626556354F58615437642F576C73446E473363716D56786B524C6C484F567061554D5A4B6A3575357876364D392F79394B69536F4C4151346851583342514F61344F4E726A4C4B58455A493255327362456434395246576F71454F5633674C6C5455474731454439586158533846464351466B5A42547546447842716E6233626E6F543630715352673166376B6757397A794E384B564664793477465A794537416A4A2F4347634539447354317A513571375437632B4F567467465247554B786A6D39487272304E746369355879366D6A54464B4E614E6B61724B4764556365326D72682B5770652B51467770436B4B5352673731444B4F394B31564B4D564D31715244674554777335785372796F373071586A41456256316A7464713642336439637164523142704F6538306F6747636D45636B445347656D324571554570486D492B4D6632565A59595848595441623878395143704B73626F5473556F2B596E302B4F4B4239467A4956756B52772B366855304A55363348366C536B6F4B755A5248514447336A526A426555455A575370357738367A336C5236304F76637455504B4E68496F577970366A755A4C523230744A536873594351414234314D51324473584E6834557768345141705736766D70386D52696C64343642695473546B516E435142546F684B685541314C776166735363344F5231334137717269546D533173773150526E6F767A4437656E353855386B73646D367050643355466138316C43304E59686348327849754D67455149696A6A6D4947363166367164767A654F525230546A70725A7163382F496C5170624B7953497A30564962526B394155387174756D366A366331774F444F4D302F774170423272326771423631536D6E2F64415148696C7655566C656A4B774158345377346B6E76504972484B50616F31612B6D64543248564343717758574E4D554156466B456F645341635A4C61734B41394F4D56666E6C4F584D6C56703532796C59356B6E75497A545279475675396F6B714B6A3577436A6B4B4F5048722F77446C54444D565330674B35674D373131636A4A536A4352556972677972556752414455306438574759745341323948537153326F5A414953515670365A7752307A3149543331416162765454344D4B617349556F594B5645486B566A504E6E753637673767676A7144566B584A6B4F52336D585568625471536C514A775344746A3839565A713678534C664B596D527756744C41416C4B3551726E79634A6377414D64416C574E6A7364694454314B726B3648575A747862365949306B507844302F7A496365536A4330374C78383955314B624C4C716B4B485131704F4E4A5466624148486B346B736A73336B4B366B484F443137756E7956522B754C575955357A413242323956624E552F455552564734336D645A73614E5530572B5546445372775453724D7A4E6E45353136537370576C5147536B354138545869704342616E357A4B6E57567470534663766E45357A67656A30306856724A52586D63344565744C4B766531504B74314C4E324537365363787164687831524A5753316E764A632B447A2B6E6D726B744B6770744C68384256504D57435979386C31447241576E4A53517051494F4E6A30376A672B79724859766253666A496347546B34414F4365745A357637623963546148686E69332F4861476A456849324E4F3076494936304C4E54417443566F566C4B686B477655693569497A32726E4E7935414148556D6D437971764F54704D716E6231616C555545556C79635936353751766155446E43734139336A586137337142706A54373936752B4674742B5979775468547A6E344B52386839674A3771454C627247476768755169514546517765564F45373954766D7169317271615A72532B6956494B6D344C414B496A4F664E62546E726A707A4841796651423041717447736C663841796A6D48766548584E67514C70436D6473395A4661703142644E5858782B35585278547368302B61684938787048636849376B6A2F7743546B6B6B736D376136552F434B5367654855315077725934754F6C62505A70517266636E4E63354C536D48564E72787A447771394B7052647A545673734E78423348443779336F726331615A564778676E5935475239524955327A2B752F5272367843656979476E343735447A616774436B35515571473449493844673052366373306E55562B68576D4170744D6D5736476B4B644A43456B393669415342374B757944376E725555515A544E73716E4F395A64647A375067397175345264444645356D31456538426459334F357A356C6D76736D51386B493753437556677559436A7A4955736B465A4353676A494A4F466E6F4256314C614246565A704C684C717177582B4A4E387574616F77576B534732705472616C74354277443266636F4A56793742584C796B3455617431364B3878796334536F4B504B436B39394C4D526E517734427872494F624535676356425434796C4E4B626553467459493546444B535041696A39567364554E796A356169463238796E413033674B566E72307179314D616955656D476C4D765734366231557A354F4856514C6B6578556B352B444A32414B7568337751547563645365593049635337634678673842754D704E61443146704E312B324F6C2F736C4A624B5851416F35356B7142546A3159716F7459787849744C784936704378697653384A7243734753655A346E534E4373727A4F546F3558464A38445372766455646E4D57505453704E2F5378453245504D6F4D5A305536572B39376E3971666D464331464F6C767665352F616E3568586E754E2F36552F654A376677482F75792F7744566F3475747A45426253533056382B642B62474D55396A75647377303642674C534659384D6A4E635A6B714C484B524B556C4A5630796B6D6E44536B7262517476644367436B2B69764C3141766B7151684237363450387039627432714739717131774758417767417975327078727237393452324F6370754B68727441416E4F324E78766D754F704A716E6C4E4D632F4D6C49356C657339502F76706F504677656A334262536C4172794D637532636A617064785A57737155636B31733851712B565A303659503267506F414A344C777A5A47363439633362726755326266395A6D49483047666E504E4355754D493074357443634A43736744774F2F7743326938764D757474396943436C4F46644E7A6B373142616A6255684B4A53554B55326B637270414A35526E596E7747546A5070464234557A576C3135542F70442B346D6A34767030754C3849463762362B57784950746E6C50386A39776A2B306665356E322F4F616872306F69344F443044356855785A6A6D324D6B656E357A55624F61375337725566696F355366586A70522B476E3834566632763468456645342F7733616638416E2F41595A63485751787233546F50384975613056664C30725A74376E6659757A5435356237555249376A2F41435A787A637153724765374F4B786C7770575478483034502B334E2F50577674644847694E516E2F7536522F684B7259754E58452B625574464D464F4766453947754C764B677074526846686A747563794F307A3577474D636F386150626B726C69672F7742593250307857646663754A55765656336348785577676B6E306C784F506D4E61467661755743442F584D6A2F6D706F56525172344575684A584A6A2B6871787951395062486F507A5553304161506B42793873707A334B2B593156526F5A4A33686A664D69305379426B6873316E4C5545704969534979694370484D6E325A7252743849466E6D465854737A57524E54334C4E2B75534571796E744E766B46624841716753755333615976484B5A656B7048663841724B7531456E6C75432F58537235714651584E4A464B69334A2F4B74694574782B54575264464F6C767665352F616E3568517454754A634A4D527374734F63714365596A6C423339745A4845625A37716A3561622B383950345A347252345466433572676C634561597A723935454B7268626D5A366B46355469536748484B51503255365A62444C4C6261636C4B4568497A31774B45667331503841394D5039785037715832616E2F77436E2F51542B3673527544336A494B5A63594732702F705065552F47334261565A376C4B4C6832334F467963667453555377587454504B4938786F4A576658796A48372F5A556C645A486B304631655346456371634842796644352F5A516E4875456D4F7478625470436E446C5249427A387672705372684A6C6F4348334F5A494F514F5544663255322F4371745372544C6B6369674472303336645A6A572F69363074724F3557696A4374565A327A675942596E47756336444854664D4C59554A45546E3558486E43727663566E48717077346C4B3258573345383648454B51704F32344978746E6250683663554A707655337665482B34503355355976456771484F744A38664E464C4E777138616F4B724F4352376E703870714A3477344854746D733656463152675151417658512F705362746B55776F4C54436C382F4A6E4373455A424A49325051344932706E63756274334F54484E6A6250544F4B6731586D57323836454F7135537452536B4954336E505848704E506253334C764568337445764C52792B63576B345078636A63625A494865506E77584C537871554C6C367A45594F66336E50615948476645567266384A6F5746494E7A4A79354A41783656494F4E53657661473343704A54784B3030466C4B437159307049576F4A4B687A66676739665A573062764161756C716D322B517061575A6243324671515146424B6B6C4A497A6E6642384B78746F4B3078594C386139515765786E4D4F637A61335068464A63536F35563532523148674E383162413468616C502F5751502F674E66527036717063354538696A4252724C4C304E7738744769336C75576436596F754E6C7477507251726E335365593453446B6375324E747A745539714934747166396F6A6A2F6E49716D4538514E536E7263522B51622B6A544B5A7132397A586F3672684F55386C68774F74454E7053457148516B414148322B6E786F666C73546B6D5835774267545139514E70307644746B31457068365370615151417453534E786A75417173327464333551475A342F49742F5272322F723637783246505033424B47306A4A4A615239476F3874684A35784C52315935324F6D726D356A504977745750554B77726372697436395431724F2F6171543868782B79724A31747864314C4D5A665A626E686D3371546854525A62436E5535424F547935546E474E7648354B515965567A4B556F6B714A795354755454746D4454624A6956344255584539584E7A744A4A4E4B6D3771755A776D6C52366A637A457969446C5543654B3150376C6A533967765844363453627A593758634A43626F34326C3258456264554568706B68494B67546A4A4A78365457574B3139376B442F41446158502B39336638466D6C72673453486F2F616B37714B567766303364584C6265376270694A4F6243564B6158616B4567455A4734624936476F33375A2B427638414A394B2F38495439585139786A344A616A317272795A6537564E74445556357470435553585845724253674A4F516C736A715047676E376D625758383536652F4C766656554256516A4A61464A5948525A612F327A384466355070582F68436671364E37746F485234746377703070594571444B79464A747A494938303767684F78724F50334D327376357A30392B58652B717256756F354C4D4C5431306C53566844444556313178522F42536C424A50794371564D4448496379795A4F6559544D507562377A6F4F4E5A336256717069334F33796263673346544A74356655744B6B6F5368495879454163334E73534D5A4A3736304C654E50614D7331726C584B3557437973776F725A6465632B787A61755649475363424A4A396772496641725256323154713648636257492F6B316C6E524A457274584F5538766146586D6A4735773272383162473468576D54667444337931514F5479715A45635A6135316371655A51774D6E757139634150764970456C647057307A6862773834704A6A616A7373695646687162386E543969326B5257316C43315A55554C617A7A5A4F4D2B435234555A614C345836593070616C5159304A45394B6E43353230396C7031775A414741516762625A36645361424F424F6A57725662723370752B726D4D587532536B7576707439316C4D74726265625370745A446269556C586D7154304277675A38545A4F684C544F73793951785A7379664D6A47364B646775545A43336C4268544C52434571555365564B79346B5A50635433304E79526B417979674855695057394A32467555362B6D3051506845705355474F6A6B47436F35417873547A622B4F4251507154536C746E38526F64743744794B432F4155392F6B71556F436C70555163625936464F64714E4A326E6C58485555695A4E6D5478434D566C7068694E50666A684C6956756C78524461306735436D786B35506D31566C67754D56333353306D32573979533478623759714F706238787953564F624C566853314B4B6346664B553536705069613563366B48704F62454E427771736E3872756635527636466545614573396C76566D576B767930794A4B32564E532B52784248594F7136636F3379675644635870436D654A764335734841636D76672F4B7A5233715A5A5265744A416668335261542F7743536C48396C646C7344586564675A326E6D624730766237684167536266626D70553472544762386A53656370414B74776E41786B6463567A7630625364715441463474317362453257694648436F535638377938684B646B6E476348633448706F58346B506C766974777962423263656D35396A6264644F4E717558375176547179336A2F41424B674462336B6B37774639315A594C5061754873435261375462346236376F32327032504751326F70374A30344A5341635A414F50525756556E4761313537722F2F414461577A2B393276384636736730376248305A69315965714B6C537055614369725166755548372F506D586530524C6E4B67324A6876797478555A706C53684957554A5343707843746968437476395431357A35577776636C32415737683549757A6A53512F645A536C4A63436953706C767A45676A6F4D4C3758356656516135776B4C5247576A486A2F414B7231667738525A586248664A7369504D4C71586E4A63574D744B464A35436B41706154676B46577836343236477278733779354E6F685076486D636459517452786A4A4B515455467276544E73312F6F2B64614A44724B3233536F4D7955414F6554766F4A53464466716C514B534D6734356B375A4E5439736A716957324A47576F4B55793068736B6443514150325569784255447247674343653042507457346866306B4D2F774470396E366451657265462B7374575774647476584568547342616B715777335A573267736A636378533443526E66424F4D674847514B6950653534732F306A4A2F542B6A5339376E697A2F534D6E3950364E45476D6F5966542B306F6465682F487A6C4F38464E5A58585132756A596F445546396D36334B4E436C4C65517371536C4C716B5A52685177666846645165367464363976456A5432693731643453476C795955567839744C6F4A51564A4751434151636530566E54686677536E534E5A544C6A637236796C33543935624367686C54706C4C527950456C52556E6C79464A476348636E7733306A7247792F62487061363262796A796279364F755032334A7A386E4D4D5A35636A5071794B6D73564C416952534442546D5A76344F33485750456A6948715055454B3873574230784757704B343055504E6B374274496263556438495765596B6B6267624B72522B6C4C6464725A626E476239665633755570307254495646626A38714D4142484B6A5934494A7A313837305544384B4E48326E685041754E7675463874377379592B48772B36704D646132516742494B464B5052586134494A362B7747326D347370715665356B6C356831693454524A6964693456674D396779326E636741456C7453734449383771617056594D644E705A41514E6435317574716D545A69486F312F7564756253674A4C455A754D70436A6B2B6353343074576438624544596264633572344C785A454C3353756F343831317836516863376E656353457164506167383541414135733532474E3971766E376337624834683361785472744359456533786E304E75754A51513470623361416B392F4C32427831776F47713974724D443771643266624A7A4D787534576274334330346C61554C5468726C796E304E704F2F386170516B4167397044616B48336A2F6A5166384170563454663766492B64696A2F5666332B305A2F657A6E2F414C4758554C7842305A634E52363130506549543052754E59354C72306C4C796C4261776F74344341456B452B5965704864556E724B584759314C6F646835397074353236757151685377464B416853556B67642B3630443171413778555A794150597963594A6E6E586572644936536B32755271365178486B4F4677776E567846764B535279382F4B557055552F4754345A396C4472764737686D38707054313962635530766E624B7266494A517242475238487363456A506754544C335148444B373852685966734E4B67527A41376674504B3172547A647032654F586C53722B496576694B7144376D62562F3836574438733939565630536D567978316C575A7764424F6675682B4C6475317847695750547A4B3132794D2F3553354C6551554B646343564A53454A36684746717956444A4A477778353148315A6E4558673566644132424632764677744C7243333078306F6A4F4F4B5770616754747A4941364A4A363931566E54644D4B4677753058664A50716970557156456C49714F395063577462616473306131576139434E416A4168706F5247463875535648645343547553647A53705642554865534352744F576D4F4B65744E4D5730322B793378316D4958464F396D3479303968537431594C695645416E664132795365704E5333763638527678692F55593331644B6C5653696E704A353248574C3339654933347866714D6236756C372B76456238597631474E3958537056336C703245376E627649323038576462326D5A637055432B754E76584637796953537730734C63786A6D43564949547341504E41364477465358763638527678692F55593331644B6C58655770365475647538446457616E764F726272396B7452546C7A5A6762445157704355424B426E43516C49414179536468314A506652716E6A74784351796C744637625345703551524359322F51785370564A52546F52494445645A587435756B36395853546372724A636C54704B7974313577354B6A2B77446F414E6741414E71643655314C64744B585A4E7A302F4D4D5361454B6244676253767A54314746416A38314B6C5534474D534D395961652F7278472F474C39526A66563049366A316871445564366175313575736D526347536B737568585A396955347879424F416A63412B614276763170557167496F32456B73547559567363634F496A4444624B4E52724B473068414B346A4331454159335570424A50704A4A4E652F6631346A666A462B6F78767136564B6F38744F306E6E6276423757584548564F73343861507153374F5447493679343232476D326B6852474D6B495341546A594535786B34366E49705370565941445153704A4F38564B6C537270302F2F32513D3D);
INSERT INTO `user` VALUES (3, '王五', '555', '2019-08-20', 'com', '555', 0x646174613A696D6167652F6A70673B6261736536342C2F396A2F34414151536B5A4A5267414241514541534142494141442F3277424441415945425159464241594742515948427759494368414B43676B4A4368514F44777751467851594742635546685961485355664768736A48425957494377674979596E4B536F70475238744D43306F4D43556F4B536A2F327742444151634842776F4943684D4B43684D6F476859614B43676F4B43676F4B43676F4B43676F4B43676F4B43676F4B43676F4B43676F4B43676F4B43676F4B43676F4B43676F4B43676F4B43676F4B43676F4B43676F4B436A2F7741415243414357414A59444153494141684542417845422F3851414841414141515542415145414141414141414141414141414267414542516349417749422F3851415678414141514D4441674D444251674D4351674C41414141415149444241414645515968427849784530465246434A686359454946794D796B624853307855574744564356704F686F71544230544E535646565859334E317379513355324A306B70576A4A30566B5A594F556C7254683850482F784141624151414341774542415141414141414141414141414141444241454342514147422F2F4541446F52414149424177494542414D4443676341414141414141454341414D454553457842524A4255515954496D4555675A45796366416A4A554A5367714779776448684A6A4D304E565279672F2F61414177444151414345514D52414438417A785370557131356E525571564B724364506F72326D764E65303064524B7450594664414B384A46646B436A4B49466A5053453133516A4858725361514D5A396C6432303064566747614A434B3668723056325A617A335539626A6C53656E536D6B705A6937564D534F37492B466556743441465334696B34474B34764D376E61726D6A67536F71356B664D694C6966425347536834674C47663470475254426163564A766F4A4F53536537656D6A696365756C33544230686B5934316A4661652B755371644C464E31436C6D455A557A69525372305276536F4F49574E71564B6C53634C465370643149646175733665683172716B456E595A4E64344676656C7241516B344E48326E64447576424B336B3869504569744333745871366A614A584633546F376E57413861433838664E51616D344F6D70622B4D4E72507146576E45736C7474796634507456704F446E474166535473505631703071375234353547326B6A472F6D6A507378742B624E4D6E34576A6F7A5A50744D3833467857317072676538414932695A696B7079305236366B5774447964736F487930594A314B325847326B52564F50714F4574745A4B6C48304A7753665A52425A35546B6B744C646A5961563641725967454B79446767353769534F38436F462F5158374B666A36776255626F377350783870573664467955394545314C577252556861765051516E6F6471746D4D6945744365654B3432727649586B666E6F7074455747566F43565A787345724739557138575656394B79614E725764384D63695575356F526262655332744F33786A51507143797167764B546A7A42747A654E62416B516F7A735A5365564A3233474B7058694C70344C626455306B4541375937716977346A38533349326B62764C5957363550377051456C474D67436F31314F4D30525857473748576F4B53635641766A6337553758584267714C68686B5267364B624C327032384E7161755567386453635655712B717055434745615571564B6B59654B707977575236345070415153436643754E6A74786C7670556F656256773651684E513049554541725054392F6F46616470624C67316132776D62655852552B5653334D37616330784874725356764A436E514D3739425847544B766331617A62306F68785438517637465136644D4537396439716D4870533538674D786364676E6453694D425237742F4430653331536B4F47793241562F43722F414979682B796C3772694A71656C644232456D3234646A31314E54415A3354467A6C6F79356458584D3965566B72413948787468584A6E51467A437955334253547563396D50703161614156414166494B364B69756B5A536B6A316E465A77717A522B4845484C44704E6D3077326B344472726A61564F4C4B636C7857636B6E784155426764427944472B56456B6A744F7437454B7A34387453454A68365262314D6C5937566C664D6E66626C5055666D7A5873516E4E2B5A304539784E4546596B596C545145344E4C554E2B63447879635971536954317464526B413745623033524463486D70374C31376A39396656784A41484D6C4255453963484F616734626556354F58615437642F576C73446E473363716D56786B524C6C484F567061554D5A4B6A3575357876364D392F79394B69536F4C4151346851583342514F61344F4E726A4C4B58455A493255327362456434395246576F71454F5633674C6C5455474731454439586158533846464351466B5A42547546447842716E6233626E6F543630715352673166376B6757397A794E384B564664793477465A794537416A4A2F4347634539447354317A513571375437632B4F567467465247554B786A6D39487272304E746369355879366D6A54464B4E614E6B61724B4764556365326D72682B5770652B51467770436B4B5352673731444B4F394B31564B4D564D31715244674554777335785372796F373071586A41456256316A7464713642336439637164523142704F6538306F6747636D45636B445347656D324571554570486D492B4D6632565A59595848595441623878395143704B73626F5473556F2B596E302B4F4B4239467A4956756B52772B366855304A55363348366C536B6F4B755A5248514447336A526A426555455A575370357738367A336C5236304F76637455504B4E68496F577970366A755A4C523230744A536873594351414234314D51324473584E6834557768345141705736766D70386D52696C64343642695473546B516E435142546F684B685541314C776166735363344F5231334137717269546D533173773150526E6F767A4437656E353855386B73646D367050643355466138316C43304E59686348327849754D67455149696A6A6D4947363166367164767A654F525230546A70725A7163382F496C5170624B7953497A30564962526B394155387174756D366A366331774F444F4D302F774170423272326771423631536D6E2F64415148696C7655566C656A4B774158345377346B6E76504972484B50616F31612B6D64543248564343717758574E4D554156466B456F645341635A4C61734B41394F4D56666E6C4F584D6C56703532796C59356B6E75497A545279475675396F6B714B6A3577436A6B4B4F5048722F77446C54444D565330674B35674D373131636A4A536A4352556972677972556752414455306438574759745341323948537153326F5A414953515670365A7752307A3149543331416162765454344D4B617349556F594B5645486B566A504E6E753637673767676A7144566B584A6B4F52336D585568625471536C514A775344746A3839565A713678534C664B596D527756744C41416C4B3551726E79634A6377414D64416C574E6A7364694454314B726B3648575A747862365949306B507844302F7A496365536A4330374C78383955314B624C4C716B4B485131704F4E4A5466624148486B346B736A73336B4B366B484F443137756E7956522B754C575955357A413242323956624E552F455552564734336D645A73614E5530572B5546445372775453724D7A4E6E45353136537370576C5147536B354138545869704342616E357A4B6E57567470534663766E45357A67656A30306856724A52586D63344565744C4B766531504B74314C4E324537365363787164687831524A5753316E764A632B447A2B6E6D726B744B6770744C68384256504D57435979386C31447241576E4A53517051494F4E6A30376A672B79724859766253666A496347546B34414F4365745A357637623963546148686E69332F4861476A456849324E4F3076494936304C4E54417443566F566C4B686B477655693569497A32726E4E7935414148556D6D437971764F54704D716E6231616C555545556C79635936353751766155446E43734139336A586137337142706A54373936752B4674742B5979775468547A6E344B52386839674A3771454C627247476768755169514546517765564F45373954766D7169317271615A72532B6956494B6D344C414B496A4F664E62546E726A707A4841796651423041717447736C663841796A6D48766548584E67514C70436D6473395A4661703142644E5858782B35585278547368302B61684938787048636849376B6A2F7743546B6B6B736D376136552F434B5367654855315077725934754F6C62505A70517266636E4E63354C536D48564E72787A447771394B7052647A545673734E78423348443779336F726331615A564778676E5935475239524955327A2B752F5272367843656979476E343735447A616774436B35515571473449493844673052366373306E55562B68576D4170744D6D5736476B4B644A43456B393669415342374B757944376E725555515A544E73716E4F395A64647A375067397175345264444645356D31456538426459334F357A356C6D76736D51386B493753437556677559436A7A4955736B465A4353676A494A4F466E6F4256314C614246565A704C684C717177582B4A4E387574616F77576B534732705472616C74354277443266636F4A56793742584C796B3455617431364B3878796334536F4B504B436B39394C4D526E517734427872494F624535676356425434796C4E4B626553467459493546444B535041696A39567364554E796A356169463238796E413033674B566E72307179314D616955656D476C4D765734366231557A354F4856514C6B6578556B352B444A32414B7568337751547563645365593049635337634678673842754D704E61443146704E312B324F6C2F736C4A624B5851416F35356B7142546A3159716F7459787849744C784936704378697653384A7243734753655A346E534E4373727A4F546F3558464A38445372766455646E4D57505453704E2F5378453245504D6F4D5A305536572B39376E3971666D464331464F6C767665352F616E3568586E754E2F36552F654A376677482F75792F7744566F3475747A45426253533056382B642B62474D55396A75647377303642674C534659384D6A4E635A6B714C484B524B556C4A5630796B6D6E44536B7262517476644367436B2B69764C3141766B7151684237363450387039627432714739717131774758417767417975327078727237393452324F6370754B68727441416E4F324E78766D754F704A716E6C4E4D632F4D6C49356C657339502F76706F504677656A334262536C4172794D637532636A617064785A57737155636B31733851712B565A303659503267506F414A344C777A5A47363439633362726755326266395A6D49483047666E504E4355754D493074357443634A43736744774F2F7743326938764D757474396943436C4F46644E7A6B373142616A6255684B4A53554B55326B637270414A35526E596E7747546A5070464234557A576C3135542F70442B346D6A34767030754C3849463762362B57784950746E6C50386A39776A2B306665356E322F4F616872306F69344F443044356855785A6A6D324D6B656E357A55624F61375337725566696F355366586A70522B476E3834566632763468456645342F7733616638416E2F41595A63485751787233546F50384975613056664C30725A74376E6659757A5435356237555249376A2F41435A787A637153724765374F4B786C7770575478483034502B334E2F50577674644847694E516E2F7536522F684B7259754E58452B625574464D464F4766453947754C764B677074526846686A747563794F307A3577474D636F386150626B726C69672F7742593250307857646663754A55765656336348785577676B6E306C784F506D4E61467661755743442F584D6A2F6D706F56525172344575684A584A6A2B6871787951395062486F507A5553304161506B42793873707A334B2B593156526F5A4A33686A664D69305379426B6873316E4C5545704969534979694370484D6E325A7252743849466E6D465854737A57524E54334C4E2B75534571796E744E766B46624841716753755333615976484B5A656B7048663841724B7531456E6C75432F58537235714651584E4A464B69334A2F4B74694574782B54575264464F6C767665352F616E3568517454754A634A4D527374734F63714365596A6C423339745A4845625A37716A3561622B383950345A347252345466433572676C634561597A723935454B7268626D5A366B46355469536748484B51503255365A62444C4C6261636C4B4568497A31774B45667331503841394D5039785037715832616E2F77436E2F51542B3673527544336A494B5A63594732702F705065552F47334261565A376C4B4C6832334F467963667453555377587454504B4938786F4A576658796A48372F5A556C645A486B304631655346456371634842796644352F5A516E4875456D4F7478625470436E446C5249427A387672705372684A6C6F4348334F5A494F514F5544663255322F4371745372544C6B6369674472303336645A6A572F69363074724F3557696A4374565A327A675942596E47756336444854664D4C59554A45546E3558486E43727663566E48717077346C4B3258573345383648454B51704F32344978746E6250683663554A707655337665482B34503355355976456771484F744A38664E464C4E777138616F4B724F4352376E703870714A3477344854746D733656463152675151417658512F705362746B55776F4C54436C382F4A6E4373455A424A49325051344932706E63756274334F54484E6A6250544F4B6731586D57323836454F7135537452536B4954336E505848704E506253334C764568337445764C52792B63576B345078636A63625A494865506E77584C537871554C6C367A45594F66336E50615948476645567266384A6F5746494E7A4A79354A41783656494F4E53657661473343704A54784B3030466C4B437159307049576F4A4B687A66676739665A573062764161756C716D322B517061575A6243324671515146424B6B6C4A497A6E6642384B78746F4B3078594C386139515765786E4D4F637A61335068464A63536F35563532523148674E383162413468616C502F5751502F674E66527036717063354538696A4252724C4C304E7738744769336C75576436596F754E6C7477507251726E335365593453446B6375324E747A745539714934747166396F6A6A2F6E49716D4538514E536E7263522B51622B6A544B5A7132397A586F3672684F55386C68774F74454E7053457148516B414148322B6E786F666C73546B6D5835774267545139514E70307644746B31457068365370615151417453534E786A75417173327464333551475A342F49742F5272322F723637783246505033424B47306A4A4A615239476F3874684A35784C52315935324F6D726D356A504977745750554B77726372697436395431724F2F6171543868782B79724A31747864314C4D5A665A626E686D3371546854525A62436E5535424F547935546E474E7648354B515965567A4B556F6B714A795354755454746D4454624A6956344255584539584E7A744A4A4E4B6D3771755A776D6C52366A637A457969446C5543654B3150376C6A533967765844363453627A593758634A43626F34326C3258456264554568706B68494B67546A4A4A78365457574B3139376B442F41446158502B39336638466D6C72673453486F2F616B37714B567766303364584C6265376270694A4F6243564B6158616B4567455A4734624936476F33375A2B427638414A394B2F38495439585139786A344A616A317272795A6537564E74445556357470435553585845724253674A4F516C736A715047676E376D625758383536652F4C766656554256516A4A61464A5948525A612F327A384466355070582F68436671364E37746F485234746377703070594571444B79464A747A494938303767684F78724F50334D327376357A30392B58652B717256756F354C4D4C5431306C53566844444556313178522F42536C424A50794371564D4448496379795A4F6559544D507562377A6F4F4E5A336256717069334F33796263673346544A74356655744B6B6F5368495879454163334E73534D5A4A3736304C654E50614D7331726C584B3557437973776F725A6465632B787A61755649475363424A4A396772496641725256323154713648636257492F6B316C6E524A457274584F5538766146586D6A4735773272383162473468576D54667444337931514F5479715A45635A6135316371655A51774D6E757139634150764970456C647057307A6862773834704A6A616A7373695646687162386E543969326B5257316C43315A55554C617A7A5A4F4D2B435234555A614C345836593070616C5159304A45394B6E43353230396C7031775A414741516762625A36645361424F424F6A57725662723370752B726D4D587532536B7576707439316C4D74726265625370745A446269556C586D7154304277675A38545A4F684C544F73793951785A7379664D6A47364B646775545A43336C4268544C52434571555365564B79346B5A50635433304E79526B417979674855695057394A32467555362B6D3051506845705355474F6A6B47436F35417873547A622B4F4251507154536C746E38526F64743744794B432F4155392F6B71556F436C70555163625936464F64714E4A326E6C58485555695A4E6D5478434D566C7068694E50666A684C6956756C78524461306735436D786B35506D31566C67754D56333353306D32573979533478623759714F706238787953564F624C566853314B4B6346664B553536705069613563366B48704F62454E427771736E3872756635527636466545614573396C76566D576B767930794A4B32564E532B52784248594F7136636F3379675644635870436D654A764335734841636D76672F4B7A5233715A5A5265744A416668335261542F7743536C48396C646C7344586564675A326E6D624730766237684167536266626D70553472544762386A53656370414B74776E41786B6463567A7630625364715441463474317362453257694648436F535638377938684B646B6E476348633448706F58346B506C766974777962423263656D35396A6264644F4E717558375176547179336A2F41424B674462336B6B37774639315A594C5061754873435261375462346236376F32327032504751326F70374A30344A5341635A414F50525756556E4761313537722F2F414461577A2B393276384636736730376248305A69315965714B6C537055614369725166755548372F506D586530524C6E4B67324A6876797478555A706C53684957554A5343707843746968437476395431357A35577776636C32415737683549757A6A53512F645A536C4A63436953706C767A45676A6F4D4C3758356656516135776B4C5247576A486A2F414B7231667738525A586248664A7369504D4C71586E4A63574D744B464A35436B41706154676B46577836343236477278733779354E6F685076486D636459517452786A4A4B515455467276544E73312F6F2B64614A44724B3233536F4D7955414F6554766F4A53464466716C514B534D6734356B375A4E5439736A716957324A47576F4B55793068736B6443514150325569784255447247674343653042507457346866306B4D2F774470396E366451657265462B7374575774647476584568547342616B715777335A573267736A636378533443526E66424F4D674847514B6950653534732F306A4A2F542B6A5339376E697A2F534D6E3950364E45476D6F5966542B306F6465682F487A6C4F38464E5A58585132756A596F445546396D36334B4E436C4C65517371536C4C716B5A52685177666846645165367464363976456A5432693731643453476C795955567839744C6F4A51564A4751434151636530566E54686677536E534E5A544C6A637236796C33543935624367686C54706C4C527950456C52556E6C79464A476348636E7733306A7247792F62487061363262796A796279364F755032334A7A386E4D4D5A35636A5071794B6D73564C416952534442546D5A76344F33485750456A6948715055454B3873574230784757704B343055504E6B374274496263556438495765596B6B6267624B72522B6C4C6464725A626E476239665633755570307254495646626A38714D4142484B6A5934494A7A313837305544384B4E48326E685041754E7675463874377379592B48772B36704D646132516742494B464B5052586134494A362B7747326D347370715665356B6C356831693454524A6964693456674D396779326E636741456C7453734449383771617056594D644E705A41514E6435317574716D545A69486F312F7564756253674A4C455A754D70436A6B2B6353343074576438624544596264633572344C785A454C3353756F343831317836516863376E656353457164506167383541414135733532474E3971766E376337624834683361785472744359456533786E304E75754A51513470623361416B392F4C32427831776F47713974724D443771643266624A7A4D787534576274334330346C61554C5468726C796E304E704F2F386170516B4167397044616B48336A2F6A5166384170563454663766492B64696A2F5666332B305A2F657A6E2F414C4758554C7842305A634E52363130506549543052754E59354C72306C4C796C4261776F74344341456B452B5965704864556E724B584759314C6F646835397074353236757151685377464B416853556B67642B3630443171413778555A794150597963594A6E6E586572644936536B32755271365178486B4F4677776E567846764B535279382F4B557055552F4754345A396C4472764737686D38707054313962635530766E624B7266494A517242475238487363456A506754544C335148444B373852685966734E4B67527A41376674504B3172547A647032654F586C53722B496576694B7144376D62562F3836574438733939565630536D567978316C575A7764424F6675682B4C6475317847695750547A4B3132794D2F3553354C6551554B646343564A53454A36684746717956444A4A477778353148315A6E4558673566644132424632764677744C7243333078306F6A4F4F4B5770616754747A4941364A4A363931566E54644D4B4677753058664A50716970557156456C49714F395063577462616473306131576139434E416A4168706F5247463875535648645343547553647A53705642554865534352744F576D4F4B65744E4D5730322B793378316D4958464F396D3479303968537431594C695645416E664132795365704E5333763638527678692F55593331644B6C5653696E704A353248574C3339654933347866714D6236756C372B76456238597631474E3958537056336C703245376E627649323038576462326D5A637055432B754E76584637796953537730734C63786A6D43564949547341504E41364477465358763638527678692F55593331644B6C58655770365475647538446457616E764F726272396B7452546C7A5A6762445157704355424B426E43516C49414179536468314A506652716E6A74784351796C744637625345703551524359322F51785370564A52546F52494445645A587435756B36395853546372724A636C54704B7974313577354B6A2B77446F414E6741414E71643655314C64744B585A4E7A302F4D4D5361454B6244676253767A54314746416A38314B6C5534474D534D395961652F7278472F474C39526A66563049366A316871445564366175313575736D526347536B737568585A396955347879424F416A63412B614276763170557167496F32456B73547559567363634F496A4444624B4E52724B473068414B346A4331454159335570424A50704A4A4E652F6631346A666A462B6F78767136564B6F38744F306E6E6276423757584548564F73343861507153374F5447493679343232476D326B6852474D6B495341546A594535786B34366E49705370565941445153704A4F38564B6C537270302F2F32513D3D);
INSERT INTO `user` VALUES (5, 'superadmin', '5555555', '2019-08-15', 'email@qq.com', '654654', 0x3C252D2DD3C3BBA7D0C5CFA22D2D253E);

SET FOREIGN_KEY_CHECKS = 1;
